run_id,method,category,k,seed,threshold_policy,image_auroc,pixel_auroc,aupro,aggregate_pixel_f1,aggregate_pixel_iou,mean_anomaly_mask_f1,mean_anomaly_mask_iou,mean_anomaly_mask_precision,mean_anomaly_mask_recall,git_commit,git_dirty,manifest_path,manifest_sha256,effective_execution_sha256,run_spec_sha256
patchcore__pcb1__fold0__k1__seed4880,patchcore,pcb1,1,4880,normal_q995,0.831,0.9686290866933436,0.7704603399874437,0.29057955296954624,0.16998717517058545,0.14344376694644365,0.09310110775031616,0.11376954637939483,0.42704487167975225,ff4c07208278376b27a4954d560c715f51453c5e,False,data/manifests/visa_pcb_folds.csv,6fd011da63133ce0135df8ae336b42bd81d65db1586e77b2db3fb61a9914842e,16171f4ac0ccfcbb00688cff890032d5fc69219dc6ef4f440d1058ef67e3a4be,55c2a72222eeedd8c89cc5b6ac8d70b6a8bacbcd817bcec9bc44428c4decbecb
patchcore__pcb1__fold0__k1__seed4881,patchcore,pcb1,1,4881,normal_q995,0.8264,0.962606627725887,0.769741227948466,0.2536754674830664,0.14526250004485153,0.13173561058315464,0.08571525123949218,0.09891476424544735,0.48908533872457033,ff4c07208278376b27a4954d560c715f51453c5e,False,data/manifests/visa_pcb_folds.csv,6fd011da63133ce0135df8ae336b42bd81d65db1586e77b2db3fb61a9914842e,5f56ad983a8ea19cd81585c234bb15339e22ac0187660c31b234909009a43dba,825b8a8e35266eb1b9b3fc083f62529f1c68def79d2cbb39d46de02a0b5e8f9f
patchcore__pcb1__fold0__k1__seed4882,patchcore,pcb1,1,4882,normal_q995,0.8255,0.9609619411046191,0.7654587006719936,0.24832207514942786,0.14176240484997327,0.1310858898914257,0.0856565630201157,0.0992587112700786,0.5079366414321947,ff4c07208278376b27a4954d560c715f51453c5e,False,data/manifests/visa_pcb_folds.csv,6fd011da63133ce0135df8ae336b42bd81d65db1586e77b2db3fb61a9914842e,673cf19a075435ddaac942563cc3749896929ae234449537ba80c433403fb227,02d05f582aec61262bd50fc585195c05a63ae6979b72cc89387180c1bc1b7ce5
patchcore__pcb1__fold0__k1__seed4883,patchcore,pcb1,1,4883,normal_q995,0.8156,0.9538171328609311,0.7016805220534313,0.2618138723022865,0.15062476229117525,0.1296958296842843,0.0860248847214943,0.10410573769200351,0.4480726881549507,ff4c07208278376b27a4954d560c715f51453c5e,False,data/manifests/visa_pcb_folds.csv,6fd011da63133ce0135df8ae336b42bd81d65db1586e77b2db3fb61a9914842e,1c0e8587305963962ed337de3dd6113767b2f803ae4a8eb3f831c8519efe4193,9f192a86415a40194ac61008fef55133088f730c6c5bf666c2b416831f098764
patchcore__pcb1__fold0__k1__seed4884,patchcore,pcb1,1,4884,normal_q995,0.845,0.9598034476007179,0.7563483258169201,0.235345572627178,0.13336637982857372,0.11800264586694778,0.0769890691581996,0.09135649224917794,0.451856443818371,ff4c07208278376b27a4954d560c715f51453c5e,False,data/manifests/visa_pcb_folds.csv,6fd011da63133ce0135df8ae336b42bd81d65db1586e77b2db3fb61a9914842e,6f3ebcbde0fb85fd76c4455cfd7c5d0682f4abd94719d9f1afa1ab2fa55c3f53,c25f61d129f041a5a6d496ef92f7c1fcfb25f369a6b013e681cf5d3396f5c9f0
patchcore__pcb1__fold0__k2__seed4880,patchcore,pcb1,2,4880,normal_q995,0.682,0.9662824091974475,0.6192175301731941,0.49139306551696244,0.3257263733083335,0.21001045293480425,0.1469653184698043,0.17977267512199535,0.342686767663877,ff4c07208278376b27a4954d560c715f51453c5e,False,data/manifests/visa_pcb_folds.csv,6fd011da63133ce0135df8ae336b42bd81d65db1586e77b2db3fb61a9914842e,4e575201210007824e5f5fca9975e3e0e9c454bf700666142f3dcb0a34ee83e4,1f5161ab99e5bd68366681cdbd1c328e10af03f961ba40ae53e9f36b12da9b86
patchcore__pcb1__fold0__k2__seed4881,patchcore,pcb1,2,4881,normal_q995,0.8388,0.9670842055895752,0.8034102113526419,0.23597574786867512,0.13377126056150596,0.13029632225207646,0.08447347268422804,0.0956508900814396,0.5617580964105927,ff4c07208278376b27a4954d560c715f51453c5e,False,data/manifests/visa_pcb_folds.csv,6fd011da63133ce0135df8ae336b42bd81d65db1586e77b2db3fb61a9914842e,6403c41b0d62e548e694cdf48e28a256467937a48a4fd91d71bb79ea907da6bd,9c55c327d30a03ca073ffc1e0d636cd36ccc51d2759d61f4dfc349d177ef4132
patchcore__pcb1__fold0__k2__seed4882,patchcore,pcb1,2,4882,normal_q995,0.8169,0.9644193335832658,0.8142614019525168,0.23638054411568926,0.1340314903688584,0.12935252172317427,0.08440317438382787,0.09828194222008564,0.533333857269462,ff4c07208278376b27a4954d560c715f51453c5e,False,data/manifests/visa_pcb_folds.csv,6fd011da63133ce0135df8ae336b42bd81d65db1586e77b2db3fb61a9914842e,78b89ee029395849702506efaacbd58224691151bd901bffaa7edf3d92f6456b,97e685977f436b6a65356ed213fd9e403dc84999a83880fc6f3afd2139010e30
patchcore__pcb1__fold0__k2__seed4883,patchcore,pcb1,2,4883,normal_q995,0.862,0.9694640170280306,0.8115757489692951,0.2326629431361314,0.1316460503289569,0.1307849360992323,0.08614709774855109,0.10081302676358453,0.5399936300257601,ff4c07208278376b27a4954d560c715f51453c5e,False,data/manifests/visa_pcb_folds.csv,6fd011da63133ce0135df8ae336b42bd81d65db1586e77b2db3fb61a9914842e,2464fbe0e794dc2ca0ac689f71b52ad4c85fed2040fb24f6529d0610cccbfb98,568a829b34969b9f8ec6eb3a7ccef4c0e54e22593483c7173f22460a2fe89ff6
patchcore__pcb1__fold0__k2__seed4884,patchcore,pcb1,2,4884,normal_q995,0.8745,0.9773390804451111,0.839459493488519,0.24086396236370816,0.136921737267887,0.1414094458908134,0.09136334129158159,0.10754947805148615,0.6192690498106943,ff4c07208278376b27a4954d560c715f51453c5e,False,data/manifests/visa_pcb_folds.csv,6fd011da63133ce0135df8ae336b42bd81d65db1586e77b2db3fb61a9914842e,d2031d03b87d84106acc8b352e6f2c851edfd87b0aaf17977b483e04fdd66358,50804b10f72c4cf95ceb6c4d6a7e691826c17ce242a3919687483b3c1bfec34d
patchcore__pcb1__fold0__k4__seed4880,patchcore,pcb1,4,4880,normal_q995,0.8066,0.9717631830619113,0.6493329852115164,0.43315745748339146,0.276452448621716,0.20804580813645365,0.14335376611639478,0.15542958764977663,0.5069369420614486,ff4c07208278376b27a4954d560c715f51453c5e,False,data/manifests/visa_pcb_folds.csv,6fd011da63133ce0135df8ae336b42bd81d65db1586e77b2db3fb61a9914842e,078ca5da16ffb2d0a7fe098330d443bc66b7d0472542fcb7a5223dc730abfd79,ef1a7b44f8e2a716880eb6e92047b022e5d822101ad0ed29abc12bf952409914
patchcore__pcb1__fold0__k4__seed4881,patchcore,pcb1,4,4881,normal_q995,0.8485,0.9726247346384864,0.8253997640051066,0.2308078498411304,0.13045945847114704,0.1323283339871767,0.08581155828593877,0.10293129536962457,0.5472979687783116,ff4c07208278376b27a4954d560c715f51453c5e,False,data/manifests/visa_pcb_folds.csv,6fd011da63133ce0135df8ae336b42bd81d65db1586e77b2db3fb61a9914842e,909cdece2aa894b72aee14cc3a471a098f1da9ba46a63f340001fc0a9cddf8ca,ce590c009859e51e9334ae9256c5867778cfa9a883a688f573d0e0f45748617d
patchcore__pcb1__fold0__k4__seed4882,patchcore,pcb1,4,4882,normal_q995,0.8221,0.9818771228884096,0.7540498681594914,0.37916272791507266,0.23393016340705525,0.20483419833811745,0.13717388470170955,0.14694030498715221,0.6293683000738299,ff4c07208278376b27a4954d560c715f51453c5e,False,data/manifests/visa_pcb_folds.csv,6fd011da63133ce0135df8ae336b42bd81d65db1586e77b2db3fb61a9914842e,6be9125a065341097ddca5b9d1b97c8470634e37b89fc406c2059a1204aaf041,28b8c7e8f2137668183beefaa31935fc51fdb7e9172ce02c9c8afe757fac166e
patchcore__pcb1__fold0__k4__seed4883,patchcore,pcb1,4,4883,normal_q995,0.8651,0.9753851761064061,0.6953141056927121,0.4020366726260583,0.25159317847848023,0.21333780480737002,0.1450593125366788,0.1581191756249409,0.6114932770003342,ff4c07208278376b27a4954d560c715f51453c5e,False,data/manifests/visa_pcb_folds.csv,6fd011da63133ce0135df8ae336b42bd81d65db1586e77b2db3fb61a9914842e,801a15b1bd64a32c0854b973c10578f30ee914d5e4818e763230f71b26561301,a7637aa2bf2e458ff593c100c6e32bbab79b9ba022d2cf33412881ae3cb58146
patchcore__pcb1__fold0__k4__seed4884,patchcore,pcb1,4,4884,normal_q995,0.8372,0.9769538583658662,0.8572534896566993,0.2388676866947107,0.1356330156968186,0.13506793715490056,0.0874926749040139,0.09918521416471279,0.5778488282328634,ff4c07208278376b27a4954d560c715f51453c5e,False,data/manifests/visa_pcb_folds.csv,6fd011da63133ce0135df8ae336b42bd81d65db1586e77b2db3fb61a9914842e,674c5b990fa28c501c666ebdfe29ec5d381d7fb85bb44946bdbf9662e3953c47,4171d4bf04bacf6582ef0dffce566fc603aeebd369fc13ee3628da994d6f61a9
patchcore__pcb2__fold0__k1__seed4880,patchcore,pcb2,1,4880,normal_q995,0.7578,0.889608946011675,0.6555217719338662,0.1369439734579935,0.07350502159195577,0.1438060322554686,0.08302591409905015,0.10721590257767036,0.30454493151620327,ff4c07208278376b27a4954d560c715f51453c5e,False,data/manifests/visa_pcb_folds.csv,6fd011da63133ce0135df8ae336b42bd81d65db1586e77b2db3fb61a9914842e,33dd3556b3042374babe350f6171199e0b0e0b592ad9635041302b89392d29a0,30846c89c1f860391617d75d9af44d99493eb6ba8619be1bfb49620b7ffcebe5
patchcore__pcb2__fold0__k1__seed4881,patchcore,pcb2,1,4881,normal_q995,0.6994,0.914983768847735,0.6631536029059392,0.1729504243691942,0.09466104624417838,0.1628501576970191,0.09752068419651866,0.11894316723888021,0.33397861065009365,ff4c07208278376b27a4954d560c715f51453c5e,False,data/manifests/visa_pcb_folds.csv,6fd011da63133ce0135df8ae336b42bd81d65db1586e77b2db3fb61a9914842e,21c4c9d322e4b26ee28fed1ffa60ff8d4ca59bbd35c4e39ec340f510907daff6,16658d694d6cac09265526ae1b401263103b65dec0421f568fabd29b70e3320a
patchcore__pcb2__fold0__k1__seed4882,patchcore,pcb2,1,4882,normal_q995,0.5999,0.9154049930430523,0.680467731860792,0.14589264675103553,0.07868619176521084,0.14837612522612817,0.0861792010458033,0.10949173417260448,0.31246913446243574,ff4c07208278376b27a4954d560c715f51453c5e,False,data/manifests/visa_pcb_folds.csv,6fd011da63133ce0135df8ae336b42bd81d65db1586e77b2db3fb61a9914842e,c2fec85c6b6d6a44fc58effef62c5716bda4805796d8d1a93a97e6fffdd06f89,ac7888d5b3654e15805c0a7394dd859e20cce201d61de135cf516b9df6b06bdb
patchcore__pcb2__fold0__k1__seed4883,patchcore,pcb2,1,4883,normal_q995,0.5893,0.8974848202488307,0.5813760684113993,0.14522537487234993,0.07829812469121697,0.12936310187341535,0.07639427663081311,0.10305089771400039,0.2311678960290607,ff4c07208278376b27a4954d560c715f51453c5e,False,data/manifests/visa_pcb_folds.csv,6fd011da63133ce0135df8ae336b42bd81d65db1586e77b2db3fb61a9914842e,4f276980bb1c079a53b879fb563bcb1b9cf84c44e337257eb80e6328baf16d6b,2d977a84177071550c8bb20e9210bc5a79aa7835af4412d53b22f273f1d4ea63
patchcore__pcb2__fold0__k1__seed4884,patchcore,pcb2,1,4884,normal_q995,0.575,0.9071597504446955,0.622927433686376,0.13968445644170277,0.07508643193644607,0.1305845431920544,0.07712238896892716,0.10243728526069554,0.2411746682714518,ff4c07208278376b27a4954d560c715f51453c5e,False,data/manifests/visa_pcb_folds.csv,6fd011da63133ce0135df8ae336b42bd81d65db1586e77b2db3fb61a9914842e,d8cd0016bee4e2cfa908ee4af254cef661dcfd2398706987bb8e04cd8b6cdd68,f6d4f81d1cdbdb714bca4fe9b76281d43121f3c94278f43c76d3e2111b57ae7b
patchcore__pcb2__fold0__k2__seed4880,patchcore,pcb2,2,4880,normal_q995,0.6794,0.9177580657605195,0.6783040756817311,0.1910687112842535,0.10562519011979886,0.18127099661586704,0.10735246724232646,0.12861162559105677,0.3944562215133142,ff4c07208278376b27a4954d560c715f51453c5e,False,data/manifests/visa_pcb_folds.csv,6fd011da63133ce0135df8ae336b42bd81d65db1586e77b2db3fb61a9914842e,b03711162ff6a194062152734e8484fa22910f4ea596992c83f874590592ea55,5a115e5ce9e5349534fca209b9ee6919e46da818568053123b918a0e6eedcb54
patchcore__pcb2__fold0__k2__seed4881,patchcore,pcb2,2,4881,normal_q995,0.7375,0.9284894657847861,0.6754373341088663,0.19702110020940872,0.10927532220831421,0.1970320833133307,0.1172424186477212,0.13488580644577058,0.47458776514960094,ff4c07208278376b27a4954d560c715f51453c5e,False,data/manifests/visa_pcb_folds.csv,6fd011da63133ce0135df8ae336b42bd81d65db1586e77b2db3fb61a9914842e,aee1fc690a7f311d5b379a97b6723a7295e4622b3c5e34831cce7e16f7c19ae6,f10b281c050d1d747c6726b8440360fef3155df0bf16ab0c83cf73ba92b97b4a
patchcore__pcb2__fold0__k2__seed4882,patchcore,pcb2,2,4882,normal_q995,0.7704,0.9319888508234168,0.7168089129894749,0.19907108603562929,0.11053800318937392,0.2101927910589493,0.12406937225405461,0.14022991296483037,0.5291971829841737,ff4c07208278376b27a4954d560c715f51453c5e,False,data/manifests/visa_pcb_folds.csv,6fd011da63133ce0135df8ae336b42bd81d65db1586e77b2db3fb61a9914842e,ef4c8d726a1324badf4137ad95ff084435783f9aa9aea0a378b78abae0330230,06e6a097c76dba19eafd40288ec554e7501c111652ac727db9ff1faafcd98523
patchcore__pcb2__fold0__k2__seed4883,patchcore,pcb2,2,4883,normal_q995,0.6641,0.9133010705640965,0.6973195727449321,0.19007766712514743,0.10501979210523969,0.195880646577198,0.1162402266133817,0.13751311496670066,0.44784134200372094,ff4c07208278376b27a4954d560c715f51453c5e,False,data/manifests/visa_pcb_folds.csv,6fd011da63133ce0135df8ae336b42bd81d65db1586e77b2db3fb61a9914842e,c0db4d2e5b9555be25dac239cbd5545c968711d0c9531efb80f2e7407b634233,484089d5d6a9cba61c010e719fbbd0e006778f51ff77a7e5459fb228ff68db16
patchcore__pcb2__fold0__k2__seed4884,patchcore,pcb2,2,4884,normal_q995,0.8114,0.9111328723350927,0.6882783655466338,0.17784256964855935,0.09760000244010682,0.1816967536856767,0.10733692967742303,0.12332622047267329,0.43242288950569546,ff4c07208278376b27a4954d560c715f51453c5e,False,data/manifests/visa_pcb_folds.csv,6fd011da63133ce0135df8ae336b42bd81d65db1586e77b2db3fb61a9914842e,575740b09ea3db694a07f596e5308c208340e051e9f1b93e9cdf68881650f201,1da0a2cd4fd432adf1eb32dd2cc95a96fd852e7a08445b05bea0784fb77350ca
patchcore__pcb2__fold0__k4__seed4880,patchcore,pcb2,4,4880,normal_q995,0.793,0.9505155867256361,0.7541449720204916,0.20014233580548152,0.11119897966767847,0.2361755193837243,0.1427507045530897,0.15950414980223349,0.5762391016290884,ff4c07208278376b27a4954d560c715f51453c5e,False,data/manifests/visa_pcb_folds.csv,6fd011da63133ce0135df8ae336b42bd81d65db1586e77b2db3fb61a9914842e,5cc12b8eeac6cb42016d96de27e4574a16eccbf81c978173a649f16e3e697772,adab63ee6f499d8bdeb1bbd9a07d1a203cb1cafffa379465adbad85b0a771e0b
patchcore__pcb2__fold0__k4__seed4881,patchcore,pcb2,4,4881,normal_q995,0.847,0.9394444939418506,0.7422482808002486,0.19640463656989676,0.1088961751356311,0.2213327313057998,0.13170219803536892,0.14409868774836748,0.5999922051312326,ff4c07208278376b27a4954d560c715f51453c5e,False,data/manifests/visa_pcb_folds.csv,6fd011da63133ce0135df8ae336b42bd81d65db1586e77b2db3fb61a9914842e,3b784022f5907d1ae5f9585311c8365f6c264de70e493d4e54f066f7b02f9fb4,1332f65fb4b6c570c86ad84daadccf6d58a0a6972a2133fd251cf06bf7fb8188
patchcore__pcb2__fold0__k4__seed4882,patchcore,pcb2,4,4882,normal_q995,0.789,0.9516044466602663,0.7826885562195869,0.2080153155872546,0.11608096731888291,0.2453073273774005,0.1477158888793791,0.1620258533915816,0.6355193327701761,ff4c07208278376b27a4954d560c715f51453c5e,False,data/manifests/visa_pcb_folds.csv,6fd011da63133ce0135df8ae336b42bd81d65db1586e77b2db3fb61a9914842e,64e5433ae8e05868ea6881f5a6ca0a8d1615d577704723b8930b9be132e7962f,8c6ca0cfd2ea556453eaa70edd54632d260ed9c9cd78db5753e310197f15e473
patchcore__pcb2__fold0__k4__seed4883,patchcore,pcb2,4,4883,normal_q995,0.7868,0.9383642373823277,0.7455221584689824,0.2019349005162221,0.11230677942316845,0.23296936255050446,0.14102296327856043,0.1577787687385943,0.5738967579007364,ff4c07208278376b27a4954d560c715f51453c5e,False,data/manifests/visa_pcb_folds.csv,6fd011da63133ce0135df8ae336b42bd81d65db1586e77b2db3fb61a9914842e,34787fa8ed2b4f65df370f00daa8dddf249e6bfafe41b3ed9e3610ba464fe665,fc9c5c408dc5a2f738b1e71e4df70163f8aadc375f06e9956c7d40911ebb88ec
patchcore__pcb2__fold0__k4__seed4884,patchcore,pcb2,4,4884,normal_q995,0.8352,0.9451372368191395,0.791847010547875,0.19487376582549873,0.10795575519105793,0.22049266446487778,0.1308042541854289,0.14328497934705692,0.6066421350099831,ff4c07208278376b27a4954d560c715f51453c5e,False,data/manifests/visa_pcb_folds.csv,6fd011da63133ce0135df8ae336b42bd81d65db1586e77b2db3fb61a9914842e,da8c656ef903866014efb0bd6310fea99d8597e52486fc84f8dcb14824850f5d,921de97ec5cd793fea6a31a10ee29ebd5b3c25226415824a90d4cfcb6d060261
patchcore__pcb3__fold0__k1__seed4880,patchcore,pcb3,1,4880,normal_q995,0.6238613861386139,0.9086854321659494,0.5934110427077186,0.22616362042712904,0.12749970799538335,0.17607253353448687,0.10948711101194764,0.1508272228826393,0.2864099027394247,ff4c07208278376b27a4954d560c715f51453c5e,False,data/manifests/visa_pcb_folds.csv,6fd011da63133ce0135df8ae336b42bd81d65db1586e77b2db3fb61a9914842e,f45d73aa50599793b7d32eb573ab5d09e162773c8108b141aa56392ed944ac90,aa0dbd7a6776fb34d0580530b86ac23ff39b2733a8bc51de9d7fb216e78479ad
patchcore__pcb3__fold0__k1__seed4881,patchcore,pcb3,1,4881,normal_q995,0.7196039603960396,0.8474285576621937,0.42284430534765494,0.22284224259990956,0.12539249353187346,0.16215004231944596,0.10104485461329667,0.12732306058851312,0.3032937703768949,ff4c07208278376b27a4954d560c715f51453c5e,False,data/manifests/visa_pcb_folds.csv,6fd011da63133ce0135df8ae336b42bd81d65db1586e77b2db3fb61a9914842e,bd0f2967ba91f793deb18882f8f55a3fd8d06f72d0b2ae271740427a41d59d3b,bd02d489a1e8819f4d9cee6c5b19c4b19108d6af58086eb91b92b8f3a3ee9e96
patchcore__pcb3__fold0__k1__seed4882,patchcore,pcb3,1,4882,normal_q995,0.6087128712871287,0.9063266025969908,0.5628544053663135,0.1641004768333169,0.08938423631717349,0.10017937844895614,0.06650712245675842,0.09065510143686163,0.1531460128061478,ff4c07208278376b27a4954d560c715f51453c5e,False,data/manifests/visa_pcb_folds.csv,6fd011da63133ce0135df8ae336b42bd81d65db1586e77b2db3fb61a9914842e,7281e851ad4524729af0471ee58b96625602e01d0ef8da67e70c2351277cd97e,2957558befe6fdea6fd5f0032bac5a9b19632519dae403e3c96be8b61ed13720
patchcore__pcb3__fold0__k1__seed4883,patchcore,pcb3,1,4883,normal_q995,0.6247524752475248,0.8672858522161573,0.4221745497409512,0.15394971454787082,0.08339410673754528,0.13604337227736746,0.08725876264928732,0.1225068757711841,0.2094927213007272,ff4c07208278376b27a4954d560c715f51453c5e,False,data/manifests/visa_pcb_folds.csv,6fd011da63133ce0135df8ae336b42bd81d65db1586e77b2db3fb61a9914842e,3bd55544d9cc9171d1da5d109238f12a5ccb3e66b247b75bb42af74308cd165c,790b8a779b04d304bc99e5406b6c71ba3f2615b49074a1dad13e8a2cce591f0b
patchcore__pcb3__fold0__k1__seed4884,patchcore,pcb3,1,4884,normal_q995,0.6425742574257426,0.9240784594470204,0.6171751201453766,0.1760936061068007,0.09654750194220331,0.11067353498818377,0.07176530306387155,0.09761803849906972,0.1697740653229285,ff4c07208278376b27a4954d560c715f51453c5e,False,data/manifests/visa_pcb_folds.csv,6fd011da63133ce0135df8ae336b42bd81d65db1586e77b2db3fb61a9914842e,e92dd24868ae70634c80c13ce17c709c7714569785bf1e34c1343503d0d4c917,f912152a31d1bfe9fd2bfd16c63c7c8367f16058e4790ecac49533d31761c03d
patchcore__pcb3__fold0__k2__seed4880,patchcore,pcb3,2,4880,normal_q995,0.7537623762376238,0.9265765764899514,0.6343854158237877,0.24250640770146073,0.13798423434608292,0.20227709158979146,0.12584482828823554,0.145311172425767,0.43229379366080267,ff4c07208278376b27a4954d560c715f51453c5e,False,data/manifests/visa_pcb_folds.csv,6fd011da63133ce0135df8ae336b42bd81d65db1586e77b2db3fb61a9914842e,0a096d8dfd037d49639e63f35d6218c8528aa3b3e9224deb46a0e288aaeedb4b,fbc2551d9bf74dad1e867431a0a156baa0bf54debaf9fefb194fcbbee29736c4
patchcore__pcb3__fold0__k2__seed4881,patchcore,pcb3,2,4881,normal_q995,0.7167326732673267,0.9203990596173496,0.5877327857157004,0.228086179429538,0.1287230658633874,0.18029390931199074,0.11383844117798159,0.14019500454548844,0.3490840945843721,ff4c07208278376b27a4954d560c715f51453c5e,False,data/manifests/visa_pcb_folds.csv,6fd011da63133ce0135df8ae336b42bd81d65db1586e77b2db3fb61a9914842e,2cf928e48f131cfb2136ccad615c5d5342e3a71e464f896b6fa70e0587f42997,bbafe4e83b72702cd0e70d9b46249969579dc972b7756307b5b5c9ca04a46053
patchcore__pcb3__fold0__k2__seed4882,patchcore,pcb3,2,4882,normal_q995,0.7188118811881188,0.9342037901635241,0.5770939663945694,0.23032028617068945,0.13014800608880364,0.1685931861906881,0.10590985241950195,0.13077817230452954,0.3115645513829845,ff4c07208278376b27a4954d560c715f51453c5e,False,data/manifests/visa_pcb_folds.csv,6fd011da63133ce0135df8ae336b42bd81d65db1586e77b2db3fb61a9914842e,4890717658d18e5c729e8eceb78de739dc026a86a39b308e355f7613604b6779,bacb02832953951719591112cf64b2d7c1f80f03a6dd1b83954c34e2b6f5366f
patchcore__pcb3__fold0__k2__seed4883,patchcore,pcb3,2,4883,normal_q995,0.7258415841584158,0.922621198483271,0.6462168901912487,0.2294233351806502,0.1295754878843713,0.19566373830118866,0.12399434194228298,0.15278897118065257,0.3651282985966015,ff4c07208278376b27a4954d560c715f51453c5e,False,data/manifests/visa_pcb_folds.csv,6fd011da63133ce0135df8ae336b42bd81d65db1586e77b2db3fb61a9914842e,2081c98578efda866899d07aa7e3d08b42771f58b2e44fde8097a3fce013bf3d,9a6708e344741dc724f79fa54e1fb215edac04d8ac2ee9e577f76714e25ab6ff
patchcore__pcb3__fold0__k2__seed4884,patchcore,pcb3,2,4884,normal_q995,0.6936633663366336,0.9359437074331335,0.6566197188243299,0.22986326016453387,0.12985621674961653,0.1949585586440638,0.12076570695669174,0.14646983941852235,0.39530741931566504,ff4c07208278376b27a4954d560c715f51453c5e,False,data/manifests/visa_pcb_folds.csv,6fd011da63133ce0135df8ae336b42bd81d65db1586e77b2db3fb61a9914842e,39ef11e8784dd3269c2687f1b47776bcd5984740f9345082ac2d1b4fc146d146,6553a805a2bc2aa0ffcfd2ae508b79b668d288b0b030bab85adee3645797af38
patchcore__pcb3__fold0__k4__seed4880,patchcore,pcb3,4,4880,normal_q995,0.7961386138613862,0.9383695157216814,0.640757474893277,0.20747173782836345,0.11574251977316818,0.19950055749237663,0.12362067922879318,0.14177659872665274,0.4953268277151658,ff4c07208278376b27a4954d560c715f51453c5e,False,data/manifests/visa_pcb_folds.csv,6fd011da63133ce0135df8ae336b42bd81d65db1586e77b2db3fb61a9914842e,c6f986f2b431271acfc7e82ca298d87dcf86ce5d164f13da2fcea45df0d9479f,281f41e0450e52937ba4de113f01eade3db827e9362ccbea75568d14d6a27163
patchcore__pcb3__fold0__k4__seed4881,patchcore,pcb3,4,4881,normal_q995,0.7954455445544555,0.954348410652576,0.6781717956022725,0.21901405315663916,0.12297348754762613,0.20976895019751066,0.12978744156250632,0.14775260671798482,0.4942120018622353,ff4c07208278376b27a4954d560c715f51453c5e,False,data/manifests/visa_pcb_folds.csv,6fd011da63133ce0135df8ae336b42bd81d65db1586e77b2db3fb61a9914842e,06a8540463e7a841fa24379d3f89e0a51cc820e644a217dbac2a7ac503ef6090,733a88cde37e38f32cea16853047b34db08b90f7b283f0edb873b356b702dcc6
patchcore__pcb3__fold0__k4__seed4882,patchcore,pcb3,4,4882,normal_q995,0.8331683168316831,0.9484772943995148,0.6909520751638752,0.20665756246708272,0.11523597397905745,0.1885325585985392,0.11570790127962369,0.13123438668095166,0.4837979225358077,ff4c07208278376b27a4954d560c715f51453c5e,False,data/manifests/visa_pcb_folds.csv,6fd011da63133ce0135df8ae336b42bd81d65db1586e77b2db3fb61a9914842e,668f3918bd72906f56e6a52d454c59758d07865aaa2fe805095b88dfde4b9fa8,f8a42aecc07a97c318a24d67afcb39dfb6f757fe96ef20600e312921e5d7d6a1
patchcore__pcb3__fold0__k4__seed4883,patchcore,pcb3,4,4883,normal_q995,0.8285148514851485,0.9337920345471837,0.6074856914905573,0.20171522219129553,0.1121709001157732,0.20383196895503664,0.12617645254004367,0.14839433621771186,0.4846186839096045,ff4c07208278376b27a4954d560c715f51453c5e,False,data/manifests/visa_pcb_folds.csv,6fd011da63133ce0135df8ae336b42bd81d65db1586e77b2db3fb61a9914842e,8a423574f37351d89c8368e4b0a83be42f27991b07bbc3454de3bb5f258cfbf4,33833ccac5ea81b4d783eb5ebc0ebe72cfe23dca1a4dc2c4723fd899177c24b6
patchcore__pcb3__fold0__k4__seed4884,patchcore,pcb3,4,4884,normal_q995,0.7841584158415842,0.9547854269031386,0.6673547687624233,0.21321367772868155,0.1193280220869665,0.2196937635994346,0.13562575361765342,0.15942951273829492,0.5200252098233805,ff4c07208278376b27a4954d560c715f51453c5e,False,data/manifests/visa_pcb_folds.csv,6fd011da63133ce0135df8ae336b42bd81d65db1586e77b2db3fb61a9914842e,0e37a7ef05cfacf726f440b7bfedaa1b7dbd232dde4edd9c43aa3b2da6032e33,47b8d172766203d61a478a783178bc84321442ec73b04597f4d88a0cbb4b3348
patchcore__pcb4__fold0__k1__seed4880,patchcore,pcb4,1,4880,normal_q995,0.59,0.8589287784321514,0.5743303574376865,0.13459979690951215,0.07215598920087762,0.17855342008245667,0.10992512649858005,0.2741102968975357,0.19292439642383732,ff4c07208278376b27a4954d560c715f51453c5e,False,data/manifests/visa_pcb_folds.csv,6fd011da63133ce0135df8ae336b42bd81d65db1586e77b2db3fb61a9914842e,697c9d327227d4fff14753bb9f52410837c32211276c6f4c9225a3ef756a3ef0,32df7f3453b5faa4532309d6fd5c86f3cdf3e9d8bae30c8c12b54e16c9999f63
patchcore__pcb4__fold0__k1__seed4881,patchcore,pcb4,1,4881,normal_q995,0.3489108910891089,0.8634969578573085,0.5563308491981075,0.06807258415936442,0.03523558059231958,0.08763741884788509,0.05253495171093103,0.10691500398157838,0.09799367977289881,ff4c07208278376b27a4954d560c715f51453c5e,False,data/manifests/visa_pcb_folds.csv,6fd011da63133ce0135df8ae336b42bd81d65db1586e77b2db3fb61a9914842e,128665cd18a01f749d3880b38036fd622be5a11863591f96866b3c2a2fc50c12,f9682a28b65fa02878474546f119cb8f50cac724a0a263f23eaa888a101e540e
patchcore__pcb4__fold0__k1__seed4882,patchcore,pcb4,1,4882,normal_q995,0.7005940594059406,0.8780885886283929,0.6547062956073737,0.14760172571095664,0.0796814204373013,0.17676999223230397,0.1047404025941343,0.18817610812327257,0.23424590596591355,ff4c07208278376b27a4954d560c715f51453c5e,False,data/manifests/visa_pcb_folds.csv,6fd011da63133ce0135df8ae336b42bd81d65db1586e77b2db3fb61a9914842e,e1e61c7b0808c8f1c581731743a8ffb43e8c9f40997103510c38a12dda1cba56,1f32c668fec6a29e462cbab1cb29498e9f8cd140945d8849133884cc98eaf066
patchcore__pcb4__fold0__k1__seed4883,patchcore,pcb4,1,4883,normal_q995,0.6942574257425742,0.865097709270032,0.5118031240453575,0.11963265760503232,0.06362196093698361,0.15076599920742684,0.09056614093645682,0.16673246345210052,0.18967432323733446,ff4c07208278376b27a4954d560c715f51453c5e,False,data/manifests/visa_pcb_folds.csv,6fd011da63133ce0135df8ae336b42bd81d65db1586e77b2db3fb61a9914842e,cafa8872c854804babe92c4cf98484342cdb0da5369d24a9e80a919913d1d860,4b9d49e634714c978b343882063fc7ffbff39fe63f172105bfb59b0379b0a99e
patchcore__pcb4__fold0__k1__seed4884,patchcore,pcb4,1,4884,normal_q995,0.822079207920792,0.8883647131594447,0.6295622641958161,0.17286437097804194,0.09460949052291975,0.18903150192384788,0.11405710287507594,0.2152661477897864,0.24723957442788144,ff4c07208278376b27a4954d560c715f51453c5e,False,data/manifests/visa_pcb_folds.csv,6fd011da63133ce0135df8ae336b42bd81d65db1586e77b2db3fb61a9914842e,9c182b283106f2011d4fc96fe6bf3ec19b6e8fa57545336f853db64ab1b566b8,0644a9bffad6428bbf41417dd3247e24295329bb33aa6a7d3cea579cedeca799
patchcore__pcb4__fold0__k2__seed4880,patchcore,pcb4,2,4880,normal_q995,0.8424752475247524,0.8928825371763609,0.628030585094649,0.2601705779782099,0.14953798038193622,0.2785027345056726,0.17222155201901748,0.2565633520318013,0.4077796876993551,ff4c07208278376b27a4954d560c715f51453c5e,False,data/manifests/visa_pcb_folds.csv,6fd011da63133ce0135df8ae336b42bd81d65db1586e77b2db3fb61a9914842e,6e7e597cecbdd1551e7384ef2cd8bdbc77fa5afe424e6b20f09bc20eff2f88cc,6f73ca50e4cebc7e65d954950f93ae3f0080929cc3bce00cefa02e40675ff29a
patchcore__pcb4__fold0__k2__seed4881,patchcore,pcb4,2,4881,normal_q995,0.9342574257425743,0.9128947610540874,0.7326989787814019,0.2547869399133253,0.14599188244710448,0.25318246297637814,0.15246224351426696,0.19695665795697592,0.4745233568329865,ff4c07208278376b27a4954d560c715f51453c5e,False,data/manifests/visa_pcb_folds.csv,6fd011da63133ce0135df8ae336b42bd81d65db1586e77b2db3fb61a9914842e,0e1a70f2c25e24cbea4be9deb330ef07ff0349a80214f8d6ffef3cab687cf1b6,5141fd2658e81070d4558de70569fa08ee573097d98fdcb1858219ae10e94d4e
patchcore__pcb4__fold0__k2__seed4882,patchcore,pcb4,2,4882,normal_q995,0.8952475247524753,0.9219729276102305,0.7347604304035289,0.30031922552507856,0.17669154704527118,0.30740767125095764,0.1888890105725379,0.24549512911443527,0.5468526991288976,ff4c07208278376b27a4954d560c715f51453c5e,False,data/manifests/visa_pcb_folds.csv,6fd011da63133ce0135df8ae336b42bd81d65db1586e77b2db3fb61a9914842e,bf9f2d8410f193b12b1676ea8ba0dd921e6f8abb95ac23dd1c196f1d12c3bdf2,0fe452ff2d195f38b48ee67970563a2cf081c1171b7c2b68949141eec05cf63f
patchcore__pcb4__fold0__k2__seed4883,patchcore,pcb4,2,4883,normal_q995,0.9270297029702971,0.9244890158963766,0.7306454297975432,0.2618690283861278,0.15066127504935933,0.27145551999491385,0.16447500020118302,0.21484222613148535,0.5081298212285035,ff4c07208278376b27a4954d560c715f51453c5e,False,data/manifests/visa_pcb_folds.csv,6fd011da63133ce0135df8ae336b42bd81d65db1586e77b2db3fb61a9914842e,43fad9722416deedf42ee1d11ee0e6d7928d216c5518eca3bb1149945b0026ee,1c739a6dd2ca69edc818a615c62179cc34ed7c5a4124ab28eba3c1d75991f488
patchcore__pcb4__fold0__k2__seed4884,patchcore,pcb4,2,4884,normal_q995,0.8964356435643565,0.9321271634374768,0.7468410838963071,0.2490455087195364,0.14223414141244228,0.2562766290127706,0.155425915691224,0.2184157622888938,0.42895661625267884,ff4c07208278376b27a4954d560c715f51453c5e,False,data/manifests/visa_pcb_folds.csv,6fd011da63133ce0135df8ae336b42bd81d65db1586e77b2db3fb61a9914842e,549eb3d1408922faf4d78f9e432d10068d674bf420da42d68edbc75a04788016,59b528aea0417d493a1335a9d919a3d3c8a5dc8cd05096dac60100560a93aca7
patchcore__pcb4__fold0__k4__seed4880,patchcore,pcb4,4,4880,normal_q995,0.8883168316831683,0.9210712053622455,0.735224914577093,0.34353567674912894,0.20739093014386673,0.37529662981289413,0.24371651264023508,0.3269399910649261,0.5765029652442804,ff4c07208278376b27a4954d560c715f51453c5e,False,data/manifests/visa_pcb_folds.csv,6fd011da63133ce0135df8ae336b42bd81d65db1586e77b2db3fb61a9914842e,636e15f0281f9b418325e88c4fd50eff4f093562ea94c33fe920314f447af36b,9749067962fc39c501095ff23c4bfcd5fb432c6bd98c412f17d1125628d2c342
patchcore__pcb4__fold0__k4__seed4881,patchcore,pcb4,4,4881,normal_q995,0.9388118811881188,0.9372635672515071,0.7507645347542535,0.2776262897167927,0.1611881835279192,0.2850627176681967,0.17366816439089777,0.19790879938583747,0.6801945147915864,ff4c07208278376b27a4954d560c715f51453c5e,False,data/manifests/visa_pcb_folds.csv,6fd011da63133ce0135df8ae336b42bd81d65db1586e77b2db3fb61a9914842e,d6faea545a3b880133dad458f35afcff490c7e31e359646319a60eced3b6b8a9,7e0572278ef6dcd0b3c05e4af9616a627150a54f0deaabb5a58f6245b8caef2f
patchcore__pcb4__fold0__k4__seed4882,patchcore,pcb4,4,4882,normal_q995,0.9472277227722772,0.9526510779169136,0.775867955774722,0.3030004373957927,0.17855068679617672,0.3026296453287745,0.1870134278767226,0.22210153653682937,0.6256496649717099,ff4c07208278376b27a4954d560c715f51453c5e,False,data/manifests/visa_pcb_folds.csv,6fd011da63133ce0135df8ae336b42bd81d65db1586e77b2db3fb61a9914842e,e6d99a01715a5d46d8934447c3564a7ef628128297f24c4dc0ae96970a0aa5e1,3e279d30f097ab8e9669bcdb7e747d8dda3c308ac8ba468ef151ff84a881624e
patchcore__pcb4__fold0__k4__seed4883,patchcore,pcb4,4,4883,normal_q995,0.9468316831683168,0.937913682960698,0.7562740043357326,0.28777519967679077,0.16807092130803658,0.2843660695715673,0.17385791305206105,0.19941500008883561,0.6697491245392819,ff4c07208278376b27a4954d560c715f51453c5e,False,data/manifests/visa_pcb_folds.csv,6fd011da63133ce0135df8ae336b42bd81d65db1586e77b2db3fb61a9914842e,1173d8c6d2ec0a938f958ac95ec4c2e796a8f0de9d9d31fd0b5f2377ff9665e2,cd06ed9b5b2955496235cd97fe7fe963dde73c0c6695ccd6cb4e7cd35ae5a22c
patchcore__pcb4__fold0__k4__seed4884,patchcore,pcb4,4,4884,normal_q995,0.926930693069307,0.9479294460848938,0.772133831921326,0.2930112080439136,0.17165385585698184,0.2869344715173617,0.17581795107798606,0.20272141654079745,0.6479029852023822,ff4c07208278376b27a4954d560c715f51453c5e,False,data/manifests/visa_pcb_folds.csv,6fd011da63133ce0135df8ae336b42bd81d65db1586e77b2db3fb61a9914842e,73ab69ee43d1ec14d2a0edae2086c549bc570d7bff94ef53351c88617ac04196,91376cab06bd10eb7da9376847b6136941974b946f2374a70bc0ffbbb779565e
dinov2_single__pcb1__fold0__k1__seed4880,dinov2_single,pcb1,1,4880,normal_q995,0.8609,0.9845394234878769,0.8952305366182097,0.32885236576694626,0.19678235425194363,0.1957525738857432,0.13002982192599488,0.13819645262822575,0.819396263943576,ff4c07208278376b27a4954d560c715f51453c5e,False,data/manifests/visa_pcb_folds.csv,6fd011da63133ce0135df8ae336b42bd81d65db1586e77b2db3fb61a9914842e,8e79fd6ddd23091c7e29eba9dcb462ff305e9bab5d5888d879077402b6139327,ab95295eb39c8a39e526e4b4a5443553bc7302b0b18b8797349155e16dbb668f
dinov2_single__pcb1__fold0__k1__seed4881,dinov2_single,pcb1,1,4881,normal_q995,0.8801,0.9872690889193695,0.8967492317243128,0.3089645041722604,0.18270728493551008,0.1853223948380444,0.12287407342341364,0.12844795094689115,0.8396644068051099,ff4c07208278376b27a4954d560c715f51453c5e,False,data/manifests/visa_pcb_folds.csv,6fd011da63133ce0135df8ae336b42bd81d65db1586e77b2db3fb61a9914842e,ec9d61d58cbc0f18d2c2f38fb86ed92906a42f46f64e981b41cb898fa5c333df,fded369059b4c339aba9fefe363ca044394a9f0740741a0a5a6df48043d86647
dinov2_single__pcb1__fold0__k1__seed4882,dinov2_single,pcb1,1,4882,normal_q995,0.8187,0.9855729685662802,0.8978799213743716,0.3217406069446204,0.19171089300973368,0.1919326112649076,0.12724627015792253,0.13431277497442615,0.8196424917915887,ff4c07208278376b27a4954d560c715f51453c5e,False,data/manifests/visa_pcb_folds.csv,6fd011da63133ce0135df8ae336b42bd81d65db1586e77b2db3fb61a9914842e,e736f4e5a1349749cb2719036c60adf27620c653db6a70c92f076515ac234d24,96922aff73ed0fd7462a578e5415be76031c9179473aa5474c7738d0dafb7595
dinov2_single__pcb1__fold0__k1__seed4883,dinov2_single,pcb1,1,4883,normal_q995,0.8562,0.9819724591080855,0.8853140755145696,0.3239151469237343,0.1932570098281268,0.19554453051068413,0.13004635579144372,0.13915217822425066,0.8257222333543516,ff4c07208278376b27a4954d560c715f51453c5e,False,data/manifests/visa_pcb_folds.csv,6fd011da63133ce0135df8ae336b42bd81d65db1586e77b2db3fb61a9914842e,87d64827b7845a6bd376c3b9f99f6415203c1cd61649a4163bd0e10ff3d552ec,10ef3f1be3f831c74a55375ac3a94d65ca9ea77e71358ea733cad83e486c4edb
dinov2_single__pcb1__fold0__k1__seed4884,dinov2_single,pcb1,1,4884,normal_q995,0.8587,0.9873332356252352,0.9112007588161231,0.32236066725559875,0.19215135277512738,0.193930939371768,0.12921098994959074,0.13472389395037668,0.8474897378490911,ff4c07208278376b27a4954d560c715f51453c5e,False,data/manifests/visa_pcb_folds.csv,6fd011da63133ce0135df8ae336b42bd81d65db1586e77b2db3fb61a9914842e,88bac0ad49237057f1015b1c47be6f1f1104ff7322d062b7732e2393584920b9,286e4069348d0982785b75d4189ad58d4c365d1ea34f87f8cf1858e0d60dcee8
dinov2_single__pcb1__fold0__k2__seed4880,dinov2_single,pcb1,2,4880,normal_q995,0.6856,0.9902159175042441,0.8562656657880751,0.547859180791468,0.3772768959762942,0.3390360266686271,0.23672895351766501,0.26254500481079934,0.6751570296457706,ff4c07208278376b27a4954d560c715f51453c5e,False,data/manifests/visa_pcb_folds.csv,6fd011da63133ce0135df8ae336b42bd81d65db1586e77b2db3fb61a9914842e,e7ae4bacd8af3db6b3dfd2aa944f3599a5ff7c39a2286f7c25fc069e460f3547,07a7504723dacd2ed2b4d7e1390c450e2d1f81909ee709aef12715a1d4f75d05
dinov2_single__pcb1__fold0__k2__seed4881,dinov2_single,pcb1,2,4881,normal_q995,0.8985,0.9871159571951065,0.8994222202135912,0.3048330213587749,0.1798247754938668,0.18185613273004603,0.1199533800641294,0.1254965747861249,0.840783463060252,ff4c07208278376b27a4954d560c715f51453c5e,False,data/manifests/visa_pcb_folds.csv,6fd011da63133ce0135df8ae336b42bd81d65db1586e77b2db3fb61a9914842e,4737e0a03c5c6b33bf81875e59e8ca0b263b82435533d977776051857b2e7234,23bc6d4668b7cc55a924e46bc580d7065404e5e949ea290fbcb1c882dee754fc
dinov2_single__pcb1__fold0__k2__seed4882,dinov2_single,pcb1,2,4882,normal_q995,0.8079,0.9877362084507533,0.8952014381752721,0.3192230212190529,0.18992586479294987,0.1833180462486856,0.1224000407838156,0.12773229471758143,0.8089274978502948,ff4c07208278376b27a4954d560c715f51453c5e,False,data/manifests/visa_pcb_folds.csv,6fd011da63133ce0135df8ae336b42bd81d65db1586e77b2db3fb61a9914842e,443e70c715714010e5f8c05c102fafdfa4d7f091fb259ca851bc9e271117e4f5,291ca5eeb654355c24492bd2f19bc863a4b853e6ec695902020f82f049bde4db
dinov2_single__pcb1__fold0__k2__seed4883,dinov2_single,pcb1,2,4883,normal_q995,0.8939,0.9836602615020626,0.8942690024042204,0.32286255357526483,0.19250810615643474,0.1909194547390651,0.12668068266153237,0.1340331020144665,0.8351514577465443,ff4c07208278376b27a4954d560c715f51453c5e,False,data/manifests/visa_pcb_folds.csv,6fd011da63133ce0135df8ae336b42bd81d65db1586e77b2db3fb61a9914842e,3190c2aee96e6c91fa3fd751ba81151d6cb3357bfe4d15ea3e9ad1a9cb9f3192,b75a52fe25c6d10d0ab3c02ea37ac9700ce82249ce3801a855bce58d51695318
dinov2_single__pcb1__fold0__k2__seed4884,dinov2_single,pcb1,2,4884,normal_q995,0.8447,0.9875906444046643,0.89429882668664,0.31799451903798437,0.18905676743461544,0.18928005037517528,0.12616367126597855,0.13224209652723082,0.8322587485803896,ff4c07208278376b27a4954d560c715f51453c5e,False,data/manifests/visa_pcb_folds.csv,6fd011da63133ce0135df8ae336b42bd81d65db1586e77b2db3fb61a9914842e,6728c622feedcd2f464b7167227e909a77c7f727af0b1798a63fbb8c45b15af2,5a5cd461aa03b4fa925f635d7232121095da4c0a90ca2ff62008feb00df82c07
dinov2_single__pcb1__fold0__k4__seed4880,dinov2_single,pcb1,4,4880,normal_q995,0.7039,0.9914874136488099,0.8791015992155773,0.5295123887305228,0.36009306346579334,0.33230867505213996,0.23090109597269629,0.2511122655171613,0.7152864365363137,ff4c07208278376b27a4954d560c715f51453c5e,False,data/manifests/visa_pcb_folds.csv,6fd011da63133ce0135df8ae336b42bd81d65db1586e77b2db3fb61a9914842e,2531bb8d97da96abbf1e9952c46cf3b3e0a7af16462a65f9e7cc5ba8efe9f19b,07dd16ec43c10b63df605107ff3c1a9c650760ad7043660daadf1d7597a28b32
dinov2_single__pcb1__fold0__k4__seed4881,dinov2_single,pcb1,4,4881,normal_q995,0.9117,0.987214988412513,0.9051785151414921,0.3043705426516884,0.17950298122779393,0.18220334611184266,0.12030760274512478,0.12645164711564166,0.8364619991715604,ff4c07208278376b27a4954d560c715f51453c5e,False,data/manifests/visa_pcb_folds.csv,6fd011da63133ce0135df8ae336b42bd81d65db1586e77b2db3fb61a9914842e,979cbac7273291ab70cbed2a248cbd8bc14324e2a8cd3ac346f2a0da47235005,ecf70d5aea9e23e3de226920d58ceabfa2fa20a0549e8d1ad5f9d96bdccc079c
dinov2_single__pcb1__fold0__k4__seed4882,dinov2_single,pcb1,4,4882,normal_q995,0.8306,0.9927181322957873,0.8896241957747258,0.4730738013947756,0.3098209997489769,0.295302529337562,0.20307606194683053,0.21216342127296253,0.7738876802985978,ff4c07208278376b27a4954d560c715f51453c5e,False,data/manifests/visa_pcb_folds.csv,6fd011da63133ce0135df8ae336b42bd81d65db1586e77b2db3fb61a9914842e,b48892c50d6c6593fdb550cd8e6a6bd40a11c4e5508d84439f23de6413e405f6,5f8bf253bf87ea3dc9b96b4d6706746f57ba47ed6675dc2a158eb426c8f33b8e
dinov2_single__pcb1__fold0__k4__seed4883,dinov2_single,pcb1,4,4883,normal_q995,0.8254,0.9918265686640204,0.8761412551948643,0.4370152736475368,0.27960303532037656,0.2625536419184241,0.1773746747550283,0.18360296698722728,0.7549571211393514,ff4c07208278376b27a4954d560c715f51453c5e,False,data/manifests/visa_pcb_folds.csv,6fd011da63133ce0135df8ae336b42bd81d65db1586e77b2db3fb61a9914842e,f5a5ced3ac96d19700d2a0ab672ff4fde1f15bcef66722fc0828bd5f2002bc36,1aa274fc6cba714ee5f0a29b8652305ccd4a8f9c5a9329009f15bfe0bd8b4958
dinov2_single__pcb1__fold0__k4__seed4884,dinov2_single,pcb1,4,4884,normal_q995,0.889,0.987555607210813,0.8999089232208733,0.3048672680967589,0.1798486114739013,0.1832223387876231,0.12160408696610238,0.12695515376068311,0.8455781800157337,ff4c07208278376b27a4954d560c715f51453c5e,False,data/manifests/visa_pcb_folds.csv,6fd011da63133ce0135df8ae336b42bd81d65db1586e77b2db3fb61a9914842e,c43faa0df2ab314e5ae38e778d40a82bd419953821229d77e4f05e14c165766c,4677b9ae70f1c36c987cba001eb60f4e844a3e9d6db027754bc1d0f8aab05146
dinov2_single__pcb2__fold0__k1__seed4880,dinov2_single,pcb2,1,4880,normal_q995,0.5873,0.9312318746462226,0.7085692142093867,0.12514951864082818,0.06675173294357911,0.18341691391231638,0.11402152772962447,0.15021951531720476,0.33524634024306943,ff4c07208278376b27a4954d560c715f51453c5e,False,data/manifests/visa_pcb_folds.csv,6fd011da63133ce0135df8ae336b42bd81d65db1586e77b2db3fb61a9914842e,bd044df4efcddb2bffd16e5ad55eb703f99d95e43cdb00c4648db401d28409d9,539cb914e1cde07bc471eebce17c176425f8383fcee344c6236937896cdfd76d
dinov2_single__pcb2__fold0__k1__seed4881,dinov2_single,pcb2,1,4881,normal_q995,0.6489,0.9317445745488814,0.6755348453081794,0.11922439066882229,0.06339107657357364,0.19553429669957434,0.12273151506956288,0.15160598619422325,0.3453860483400317,ff4c07208278376b27a4954d560c715f51453c5e,False,data/manifests/visa_pcb_folds.csv,6fd011da63133ce0135df8ae336b42bd81d65db1586e77b2db3fb61a9914842e,92a22444d9ffa5cceb0ac504cfc158af0f8a778a7d4d5e33fcdfd6ebc70ba0ea,2d323208ac775aa03a4f9020e60c8960c1db649ac91fab70d3da09fbb4b98384
dinov2_single__pcb2__fold0__k1__seed4882,dinov2_single,pcb2,1,4882,normal_q995,0.6708,0.9337940889367228,0.7288124549454508,0.1472990551828016,0.07950503592868585,0.21386939699567173,0.1293043168869068,0.15059853235484655,0.4866614072452469,ff4c07208278376b27a4954d560c715f51453c5e,False,data/manifests/visa_pcb_folds.csv,6fd011da63133ce0135df8ae336b42bd81d65db1586e77b2db3fb61a9914842e,55438042823673c4732ca0da9c2a90cae71216561e0ec0526ea2b2650368171e,f8003b0a847a7f12d17034682ab8345adf2e2854d922f42e5039a8d8c6ebda8f
dinov2_single__pcb2__fold0__k1__seed4883,dinov2_single,pcb2,1,4883,normal_q995,0.5489,0.9488567731536923,0.7404896096751772,0.14833739035438592,0.080110377334225,0.21252036119090298,0.13378312043622817,0.17654555229271746,0.37315800428468604,ff4c07208278376b27a4954d560c715f51453c5e,False,data/manifests/visa_pcb_folds.csv,6fd011da63133ce0135df8ae336b42bd81d65db1586e77b2db3fb61a9914842e,3f393479c50796e3198fa121d5f1f03729707cb44e740dc9f0c0bd1f2bff2f49,e9a89f7acbe122eedfc98214d00031a8e26b195fbae7bf11aa6f0c1ede110acd
dinov2_single__pcb2__fold0__k1__seed4884,dinov2_single,pcb2,1,4884,normal_q995,0.7093,0.9476465938010933,0.7322593495827122,0.16261792692127483,0.08850523214738432,0.22844913167490818,0.14007079788062085,0.1617888471556945,0.5106174792888146,ff4c07208278376b27a4954d560c715f51453c5e,False,data/manifests/visa_pcb_folds.csv,6fd011da63133ce0135df8ae336b42bd81d65db1586e77b2db3fb61a9914842e,c556a4919e104e560cd9c5bcdc932744d0b934cb905139e1b76bd721ac225502,0d0f1c3a3b6e001438215277b317710d85503bad4e7cd1cd1f3510c5a188164a
dinov2_single__pcb2__fold0__k2__seed4880,dinov2_single,pcb2,2,4880,normal_q995,0.7023,0.9484380202950169,0.741563407815806,0.16209066180519574,0.08819295839935244,0.25509070828477115,0.1603018498804613,0.19242424731604257,0.5094219138256016,ff4c07208278376b27a4954d560c715f51453c5e,False,data/manifests/visa_pcb_folds.csv,6fd011da63133ce0135df8ae336b42bd81d65db1586e77b2db3fb61a9914842e,6c5b61956d5bbbc41a735477552b2e8d1d92a1dcfd4ae772c47e86125839205e,4b755d47cc884e4d74390c76900c3da27e4811f00e3762f148a758bce927329e
dinov2_single__pcb2__fold0__k2__seed4881,dinov2_single,pcb2,2,4881,normal_q995,0.7153,0.9464109628498265,0.7353103016965579,0.161754678774863,0.08799406526820816,0.2550409891131413,0.16008753217387198,0.18782287923914423,0.5091528935805445,ff4c07208278376b27a4954d560c715f51453c5e,False,data/manifests/visa_pcb_folds.csv,6fd011da63133ce0135df8ae336b42bd81d65db1586e77b2db3fb61a9914842e,5c3932c9607b24f7e25a3baadeed1a4726a77e6692d4eb6dbf9b8bd3c623ffcf,42f1a9e05c347a90062194cd9893c6859a88cd1aac2f1186a5e2d5376b195270
dinov2_single__pcb2__fold0__k2__seed4882,dinov2_single,pcb2,2,4882,normal_q995,0.6845,0.9470259645845048,0.7561484978024203,0.15873208712358636,0.08620803415599437,0.23507512514057927,0.14373303181777095,0.16296213907251617,0.5541150873959173,ff4c07208278376b27a4954d560c715f51453c5e,False,data/manifests/visa_pcb_folds.csv,6fd011da63133ce0135df8ae336b42bd81d65db1586e77b2db3fb61a9914842e,ed616ad208d886c91888bb0376431eee74581bb533d6f0fc394e783146e10f13,4195b9fb2bed26ca9b9e9987611ea88df5b7aa00d9dd07aa82dcdf85a505304b
dinov2_single__pcb2__fold0__k2__seed4883,dinov2_single,pcb2,2,4883,normal_q995,0.6316,0.9580683038709061,0.7601968471450344,0.16414173582695304,0.08940871908806634,0.24403780721236032,0.1506721589476981,0.1772498021664322,0.5124585621991858,ff4c07208278376b27a4954d560c715f51453c5e,False,data/manifests/visa_pcb_folds.csv,6fd011da63133ce0135df8ae336b42bd81d65db1586e77b2db3fb61a9914842e,12a748ba0918e1046ce798837c6e94914a43e4c26574cbc72aa81dd861552ea2,70b0cc261dbc00b1123cb2993b9361a107b409f4eb6acf81b9a21d0fb81ef136
dinov2_single__pcb2__fold0__k2__seed4884,dinov2_single,pcb2,2,4884,normal_q995,0.7405,0.9592350449959761,0.7598481870766312,0.17380335728947785,0.09517231234830834,0.24883266028863868,0.15314747750602892,0.17614915008928228,0.5625069328413741,ff4c07208278376b27a4954d560c715f51453c5e,False,data/manifests/visa_pcb_folds.csv,6fd011da63133ce0135df8ae336b42bd81d65db1586e77b2db3fb61a9914842e,8698a1d43ca4333d7fcb470ee76a456a0ca818e55d46e54a349c38fe4eb4f190,cbe24b19b376f96cbeb464e9d3dc0d9a724a1fcadfa2bd3e1b229ca03da31f36
dinov2_single__pcb2__fold0__k4__seed4880,dinov2_single,pcb2,4,4880,normal_q995,0.7676,0.9587782155044102,0.7772395406233378,0.17620093720794935,0.0966120340791291,0.25776749558393913,0.15973223229929226,0.18041170057531403,0.5938331211660577,ff4c07208278376b27a4954d560c715f51453c5e,False,data/manifests/visa_pcb_folds.csv,6fd011da63133ce0135df8ae336b42bd81d65db1586e77b2db3fb61a9914842e,e114d594e4901f389cd92ff40f04e33e60bfbadde043ac858c0ed98a4327b007,a8acec5bbfd23374e0ab847055711fea7316a383425cf39934f0ec9c4da15857
dinov2_single__pcb2__fold0__k4__seed4881,dinov2_single,pcb2,4,4881,normal_q995,0.7837,0.9606950023899302,0.7769760138050562,0.18653446674468827,0.10286077310211922,0.2632851207636991,0.16209780532340903,0.17909517658580057,0.6286893670896274,ff4c07208278376b27a4954d560c715f51453c5e,False,data/manifests/visa_pcb_folds.csv,6fd011da63133ce0135df8ae336b42bd81d65db1586e77b2db3fb61a9914842e,2bf4fd182097093fb6639e8b19156870cbc58ba07b4fad65cbc7239ef30ac996,b13d67df31a45ce9dc9a837302aa60040c046e97e02745b01986fe95d48f7adc
dinov2_single__pcb2__fold0__k4__seed4882,dinov2_single,pcb2,4,4882,normal_q995,0.7632,0.9524076605955888,0.7675708520895139,0.1738845056045188,0.09522097925250982,0.2515367680892869,0.1544843290622599,0.17298579391109253,0.5992906195774439,ff4c07208278376b27a4954d560c715f51453c5e,False,data/manifests/visa_pcb_folds.csv,6fd011da63133ce0135df8ae336b42bd81d65db1586e77b2db3fb61a9914842e,8944af1e55e61ff3ce372d67075edfb55f4ef2c52ab03a92fcc04b0a7e5e180b,e81a5ee165c814ef282ed2f928cddde9ca1b7d68b78ca5a87b12cd7cddb2f9e1
dinov2_single__pcb2__fold0__k4__seed4883,dinov2_single,pcb2,4,4883,normal_q995,0.7218,0.9564863158137362,0.7669322464662133,0.1856710614766419,0.10233594225077809,0.25993094705696873,0.1598348939961238,0.18378514594442205,0.5915478632581666,ff4c07208278376b27a4954d560c715f51453c5e,False,data/manifests/visa_pcb_folds.csv,6fd011da63133ce0135df8ae336b42bd81d65db1586e77b2db3fb61a9914842e,de047b0fc349fd23f099af08c058741f19fa87f93badfb82fcbaa8791216b556,3a4ceede72c103df0c390fdda3425ef592ebade8b3e45e72624143d61f6b8ebf
dinov2_single__pcb2__fold0__k4__seed4884,dinov2_single,pcb2,4,4884,normal_q995,0.7717,0.969218954775843,0.800542856372813,0.19335327844824862,0.10702329135060511,0.2664650771847297,0.16473456378386406,0.18372447290256122,0.6228951693756771,ff4c07208278376b27a4954d560c715f51453c5e,False,data/manifests/visa_pcb_folds.csv,6fd011da63133ce0135df8ae336b42bd81d65db1586e77b2db3fb61a9914842e,4c5d12358cb8abbd6aff76de32f2ee2592bbe4e6b339022c35691a52c94b5c64,1ad11ee9f36687cdb865f22f4f6a664748aed79af509301f0928bcdd8a2d3255
dinov2_single__pcb3__fold0__k1__seed4880,dinov2_single,pcb3,1,4880,normal_q995,0.7151485148514851,0.9478610383193927,0.6964707002853175,0.17563600586540173,0.09627245792510616,0.16559744114499872,0.10359848715436655,0.151695530769418,0.30971314877989475,ff4c07208278376b27a4954d560c715f51453c5e,False,data/manifests/visa_pcb_folds.csv,6fd011da63133ce0135df8ae336b42bd81d65db1586e77b2db3fb61a9914842e,572d98ce42b064217613e01474951cc2ae7237984e22981b972623eab3a21725,bf191855bc39d270dae3eafafa78d7a2b4c3830c4532ad769be01e10b6516cad
dinov2_single__pcb3__fold0__k1__seed4881,dinov2_single,pcb3,1,4881,normal_q995,0.7112871287128713,0.946480459610682,0.6602507643488951,0.1893884658642413,0.10459917121572973,0.16802519031625873,0.10430267644093155,0.1376656266998629,0.32295984318840715,ff4c07208278376b27a4954d560c715f51453c5e,False,data/manifests/visa_pcb_folds.csv,6fd011da63133ce0135df8ae336b42bd81d65db1586e77b2db3fb61a9914842e,418453bfddd1e8ba3707fcdffb77faa16f2ee1409bb95fd7fffe8276b1fd1109,4655d601adeb0fc154b7dd51211b4fcef49f688976e7b55f184c89c33bb87001
dinov2_single__pcb3__fold0__k1__seed4882,dinov2_single,pcb3,1,4882,normal_q995,0.7141584158415841,0.938936194537219,0.6386175057073676,0.15032236139145733,0.08126949164208977,0.15726038186427782,0.0959603571841634,0.12144426820251324,0.34085974994421553,ff4c07208278376b27a4954d560c715f51453c5e,False,data/manifests/visa_pcb_folds.csv,6fd011da63133ce0135df8ae336b42bd81d65db1586e77b2db3fb61a9914842e,2da736fabee3e908025da9406c8df2327c67a006793d8ff623661b93a6d09d92,f2a251e224f4a68cd9d51bd08e4c86df1c59ea728031b237e5d266a950a9b25b
dinov2_single__pcb3__fold0__k1__seed4883,dinov2_single,pcb3,1,4883,normal_q995,0.568019801980198,0.9431134091460721,0.6449563191230129,0.13781483208955222,0.07400705067595069,0.14513772115457513,0.08852974188584899,0.12954606251392012,0.28399006734669,ff4c07208278376b27a4954d560c715f51453c5e,False,data/manifests/visa_pcb_folds.csv,6fd011da63133ce0135df8ae336b42bd81d65db1586e77b2db3fb61a9914842e,8783663677db5590de591b5fc10a329f347da461d67c24815cfdd4659bb7b0cc,9d0c58bbda2ac6c16027e787973f949dfe4f6d2a6c324458fefa2aab2b82ed34
dinov2_single__pcb3__fold0__k1__seed4884,dinov2_single,pcb3,1,4884,normal_q995,0.7272277227722772,0.9499557978053425,0.6951296783669153,0.20019897499143757,0.11123394875857742,0.20514537163489588,0.12798313481958212,0.16810974172945062,0.40105490910765673,ff4c07208278376b27a4954d560c715f51453c5e,False,data/manifests/visa_pcb_folds.csv,6fd011da63133ce0135df8ae336b42bd81d65db1586e77b2db3fb61a9914842e,aa4299c3bb66260d1210960b56cff31caaaa9765a1ebf311d785e4d40159c4a2,a3ad2c0960b1a2c885ce76d7b041a1a02d0e259e50def78605e9b79377fe2a8d
dinov2_single__pcb3__fold0__k2__seed4880,dinov2_single,pcb3,2,4880,normal_q995,0.7557425742574257,0.9577588954162187,0.7202944970995478,0.18967213523022391,0.10477225640800984,0.18499368108338662,0.11320803039153171,0.14836716663968455,0.41137135992577767,ff4c07208278376b27a4954d560c715f51453c5e,False,data/manifests/visa_pcb_folds.csv,6fd011da63133ce0135df8ae336b42bd81d65db1586e77b2db3fb61a9914842e,6638c6ca15f41af26b64a976afb1b41bc23fd4c278eac97b316d69d86f6d59e2,b92616fa8298fac55484ca004183395399a5922b4715ced582d97efb6b2e909f
dinov2_single__pcb3__fold0__k2__seed4881,dinov2_single,pcb3,2,4881,normal_q995,0.7332673267326733,0.9539987298361241,0.6850547128893316,0.18387080311110743,0.1012432394270661,0.1753774445095966,0.1084474838826884,0.1597850081029977,0.3619863822543015,ff4c07208278376b27a4954d560c715f51453c5e,False,data/manifests/visa_pcb_folds.csv,6fd011da63133ce0135df8ae336b42bd81d65db1586e77b2db3fb61a9914842e,b79faa1f5cc3fd1102253f463212d0aed94773143b7a155bdf970f08f49d7ce1,9c4f6371362f782837f44c93cf87764f831bd57a7345f94e53948d9805a127be
dinov2_single__pcb3__fold0__k2__seed4882,dinov2_single,pcb3,2,4882,normal_q995,0.7227722772277227,0.9560209032478555,0.6899389134955897,0.2016103444651422,0.11210604100432364,0.21460485480362468,0.13239504920322043,0.16610214255888153,0.4495929065189442,ff4c07208278376b27a4954d560c715f51453c5e,False,data/manifests/visa_pcb_folds.csv,6fd011da63133ce0135df8ae336b42bd81d65db1586e77b2db3fb61a9914842e,f837ca40f3bfb61c492671a014df4de7664201a76dc7f77b6806249e209343dc,6d047b976d3e86aad9689bbf8629046cb9f34b4f1629f8c48041cb6db84cccb8
dinov2_single__pcb3__fold0__k2__seed4883,dinov2_single,pcb3,2,4883,normal_q995,0.7546534653465347,0.9536500800334182,0.68410683301407,0.1818502244906791,0.10001938615851225,0.1720970965988635,0.10552956984554424,0.1400124227744333,0.360744584241057,ff4c07208278376b27a4954d560c715f51453c5e,False,data/manifests/visa_pcb_folds.csv,6fd011da63133ce0135df8ae336b42bd81d65db1586e77b2db3fb61a9914842e,ca68258f2a2e7a733a8d8837cba7ac82b2b9cc191d4e046d3b9c4d896060b4f4,2cb4c1d77c0f8dd35581b42c47b50e9be596dc6b9d59c1842ea796f744168bb2
dinov2_single__pcb3__fold0__k2__seed4884,dinov2_single,pcb3,2,4884,normal_q995,0.7645544554455446,0.9575770484590637,0.7135402109947696,0.19880460791341487,0.1103737044780637,0.21848901328707462,0.13617455932664702,0.16995226249548648,0.47275083948883334,ff4c07208278376b27a4954d560c715f51453c5e,False,data/manifests/visa_pcb_folds.csv,6fd011da63133ce0135df8ae336b42bd81d65db1586e77b2db3fb61a9914842e,f7327f8f2ece060a32232dc4061be9a5f86209f2f824af40a0ae3e5ae72aa255,693982cf5247b0237e72313d13d19f8a3e38383c8ce7cb360b4854d0ff859845
dinov2_single__pcb3__fold0__k4__seed4880,dinov2_single,pcb3,4,4880,normal_q995,0.8058415841584159,0.9637039147953302,0.7292680284422206,0.20163536867501658,0.11212151593887688,0.21810607613800972,0.13523501668202711,0.17152610339677488,0.4765786228489795,ff4c07208278376b27a4954d560c715f51453c5e,False,data/manifests/visa_pcb_folds.csv,6fd011da63133ce0135df8ae336b42bd81d65db1586e77b2db3fb61a9914842e,c5fb8c4b5ec256cda9b606ef38f37aeee3c6cfc7d19ec57fac5f12665aeb7b91,cbf0c9d5cb2f195386e3d28c8c2f9dc718fcd8ea4a9f501e1ba26a6e760a3aba
dinov2_single__pcb3__fold0__k4__seed4881,dinov2_single,pcb3,4,4881,normal_q995,0.7812871287128713,0.962586212312238,0.7176041939582894,0.20283039035444012,0.11286101727173241,0.21647352141282583,0.13383717460552977,0.1768967361872069,0.4651436404282689,ff4c07208278376b27a4954d560c715f51453c5e,False,data/manifests/visa_pcb_folds.csv,6fd011da63133ce0135df8ae336b42bd81d65db1586e77b2db3fb61a9914842e,3b91f545b50d08bd31106244aa4beeda31313cfb7aaf3908e0a22582d580299d,df8e578f20e92b4fd7df1fc947b3286becd1e20e843429b2abd42a11aa658dd3
dinov2_single__pcb3__fold0__k4__seed4882,dinov2_single,pcb3,4,4882,normal_q995,0.8176237623762376,0.965619313797763,0.7357773914464149,0.19834791777877495,0.1100922424124392,0.2171190975185212,0.131038349147807,0.14996079489167863,0.5485241098425234,ff4c07208278376b27a4954d560c715f51453c5e,False,data/manifests/visa_pcb_folds.csv,6fd011da63133ce0135df8ae336b42bd81d65db1586e77b2db3fb61a9914842e,faa925a4529d57c569c040c7cf938fc0c813e4d96a5083b2404e150be1cb55f3,a579771cb1c4a83342367b35675da1308c65bd4c13e39ec055713a5b9559401f
dinov2_single__pcb3__fold0__k4__seed4883,dinov2_single,pcb3,4,4883,normal_q995,0.8063366336633664,0.9626881399927937,0.7213185264404142,0.19188975409271808,0.10612724225586741,0.21227216691680229,0.1305902126040465,0.16537205191906057,0.4687435146460212,ff4c07208278376b27a4954d560c715f51453c5e,False,data/manifests/visa_pcb_folds.csv,6fd011da63133ce0135df8ae336b42bd81d65db1586e77b2db3fb61a9914842e,bfde81043c5fda757d6a7c38294cb230168e8f8b47d72fe945a0bdbbaa658b94,73664504ff725725b43b1fe7500c0ae8a7e58f55b538ffbf53b962cfa42af33e
dinov2_single__pcb3__fold0__k4__seed4884,dinov2_single,pcb3,4,4884,normal_q995,0.8268316831683168,0.9616698897374085,0.7289472406921653,0.2000360661792663,0.11113337463082122,0.2241473024676103,0.13975913974019985,0.16790115925188115,0.5070177479408805,ff4c07208278376b27a4954d560c715f51453c5e,False,data/manifests/visa_pcb_folds.csv,6fd011da63133ce0135df8ae336b42bd81d65db1586e77b2db3fb61a9914842e,337516e9b984adac4c0d54dbfa37ff3ae4e7d02a466e25bd743ff4a07f9974a6,0990169f4d256062008f1f5a09907e010d54406583bd32f14a5e7a8708785b6e
dinov2_single__pcb4__fold0__k1__seed4880,dinov2_single,pcb4,1,4880,normal_q995,0.6643564356435644,0.9165431658670424,0.6562327304632599,0.15962045120227028,0.0867323543703504,0.19228226364200673,0.11624252954873868,0.2414921509994536,0.2278684691569274,ff4c07208278376b27a4954d560c715f51453c5e,False,data/manifests/visa_pcb_folds.csv,6fd011da63133ce0135df8ae336b42bd81d65db1586e77b2db3fb61a9914842e,63e0446a4a1e45263c7a8ea12c3898c6fd47c29258bd54d42163916d80f7621a,2e131abaa2f18253f7284e5103f9c6c40281deedc88633654de16491e7d4e25c
dinov2_single__pcb4__fold0__k1__seed4881,dinov2_single,pcb4,1,4881,normal_q995,0.8295049504950495,0.9318012647829268,0.7083882586395633,0.2127818321629621,0.1190575588320474,0.22350799791863746,0.13321369656119778,0.2112072779394602,0.3498767027130295,ff4c07208278376b27a4954d560c715f51453c5e,False,data/manifests/visa_pcb_folds.csv,6fd011da63133ce0135df8ae336b42bd81d65db1586e77b2db3fb61a9914842e,2c4c76587497d0bbb416ad03fdc18fa0da8783440042313015defbdafdb3bc1f,ae2ce52025d0ac152da1a7e67bcefbfd899fa6d0869d4ab0e220d82d6bd508b7
dinov2_single__pcb4__fold0__k1__seed4882,dinov2_single,pcb4,1,4882,normal_q995,0.8399009900990099,0.9235339151051143,0.6749923988733537,0.2008065937199761,0.11160923168074509,0.22245241328567644,0.13390595189264112,0.23517634891834008,0.31056196610208536,ff4c07208278376b27a4954d560c715f51453c5e,False,data/manifests/visa_pcb_folds.csv,6fd011da63133ce0135df8ae336b42bd81d65db1586e77b2db3fb61a9914842e,cff4caa5c56f3905f36eadfc2b2148ea672eb84d964285e995f62f01fd397869,898e56ef777f1565a55f84c74b07fe79bc5343905df4f51f38f63d9a5ddeeac6
dinov2_single__pcb4__fold0__k1__seed4883,dinov2_single,pcb4,1,4883,normal_q995,0.8234653465346534,0.9334725234103252,0.7050905253324596,0.21752600106801456,0.1220360023194452,0.24163183275209155,0.14718022001488162,0.2562658518613496,0.33368094084017774,ff4c07208278376b27a4954d560c715f51453c5e,False,data/manifests/visa_pcb_folds.csv,6fd011da63133ce0135df8ae336b42bd81d65db1586e77b2db3fb61a9914842e,1a18f55698f8c170652872b99ded2882df0358d771dd470b4591f487285c2828,a12c33c3c2a859d4a642038dc8684115cef095cb196a0ba9667544f471068f40
dinov2_single__pcb4__fold0__k1__seed4884,dinov2_single,pcb4,1,4884,normal_q995,0.830990099009901,0.9308489004929867,0.7055410840386921,0.19185254620878237,0.10610448047614547,0.21602020706133696,0.12868762883353171,0.21922419847771682,0.3067538058850378,ff4c07208278376b27a4954d560c715f51453c5e,False,data/manifests/visa_pcb_folds.csv,6fd011da63133ce0135df8ae336b42bd81d65db1586e77b2db3fb61a9914842e,df62429c30cf4d56902bf3ae8aa0c049b4c01c3dbfbfaad6096cc35852085e9a,4774e6c2745a5fce2813fc14ca6a7c68e0b5720e0a552d19ed948005be808360
dinov2_single__pcb4__fold0__k2__seed4880,dinov2_single,pcb4,2,4880,normal_q995,0.7895049504950495,0.9449567794947452,0.7313543825508421,0.22692276053118948,0.12798244514106583,0.25199436460210606,0.15399411388405565,0.26689631335492503,0.3517507535856245,ff4c07208278376b27a4954d560c715f51453c5e,False,data/manifests/visa_pcb_folds.csv,6fd011da63133ce0135df8ae336b42bd81d65db1586e77b2db3fb61a9914842e,6d9c4543d13f7c4309ea98aa6330d0396f3785e964994838b5cd52b543b7c2d0,e7a18c9f904a91433b3077f4e8db75b49378119f5ff44c5c7ecfd59cd810a96b
dinov2_single__pcb4__fold0__k2__seed4881,dinov2_single,pcb4,2,4881,normal_q995,0.8669306930693069,0.9430969825951341,0.7488576958634695,0.23057811424060026,0.13031268353597922,0.24014138514110098,0.14397562308214484,0.2125221330874471,0.4002635856942257,ff4c07208278376b27a4954d560c715f51453c5e,False,data/manifests/visa_pcb_folds.csv,6fd011da63133ce0135df8ae336b42bd81d65db1586e77b2db3fb61a9914842e,5798673f43b96d7e1cdc90f8346b00eae28666f1bd2f3109abec6875bdc6a0ef,200b34231c1a2cde718de4d54510c5c74f0d45d6832480671390fd545472aa5f
dinov2_single__pcb4__fold0__k2__seed4882,dinov2_single,pcb4,2,4882,normal_q995,0.8901980198019802,0.9491418717876756,0.7504524017777106,0.23214312534903375,0.13131330294759666,0.24358552446608223,0.1464500658509401,0.2173433255537073,0.40456232090445077,ff4c07208278376b27a4954d560c715f51453c5e,False,data/manifests/visa_pcb_folds.csv,6fd011da63133ce0135df8ae336b42bd81d65db1586e77b2db3fb61a9914842e,45d3175b9b58748c60f04bf6bf823a4ef69d2ad7ab287e550c70b4310d51d1ea,b91456c8b73e753e6724089897e7aa4158ebc11b5cedb39b4a147404be7fda8a
dinov2_single__pcb4__fold0__k2__seed4883,dinov2_single,pcb4,2,4883,normal_q995,0.8245544554455445,0.9400363853965176,0.7065020519960438,0.21853481191639945,0.12267139059365334,0.23715517663384947,0.14342040558422264,0.2317806853152835,0.35893802540302255,ff4c07208278376b27a4954d560c715f51453c5e,False,data/manifests/visa_pcb_folds.csv,6fd011da63133ce0135df8ae336b42bd81d65db1586e77b2db3fb61a9914842e,2824d06cb7d24229e5a6a319baa3b21fa6359abd9d2d87beed6806e162ce653a,f032e9e019961b072a25dcc5afe1a76f74355ee5b8f6d4d81a1ab9fcd8414cb3
dinov2_single__pcb4__fold0__k2__seed4884,dinov2_single,pcb4,2,4884,normal_q995,0.8408910891089109,0.9475168887117239,0.7573215744995877,0.2138462125798306,0.11972441235796348,0.23270826055925822,0.13975484744270344,0.22107985185111062,0.35408240943544705,ff4c07208278376b27a4954d560c715f51453c5e,False,data/manifests/visa_pcb_folds.csv,6fd011da63133ce0135df8ae336b42bd81d65db1586e77b2db3fb61a9914842e,926b4f276ab8f7efa6a2c6635ac2722ef9864594df1eeda399cfcf6bbf547ca4,9153a386c5cb8f471de33cb96f4d9d72299c1fb5b4727680afcd6cddf7947fc1
dinov2_single__pcb4__fold0__k4__seed4880,dinov2_single,pcb4,4,4880,normal_q995,0.8174257425742574,0.9483931421836206,0.7520422526889747,0.24833690654546103,0.14177207219437607,0.27459441196969,0.1699927720392339,0.2770368312500756,0.3892236399958841,ff4c07208278376b27a4954d560c715f51453c5e,False,data/manifests/visa_pcb_folds.csv,6fd011da63133ce0135df8ae336b42bd81d65db1586e77b2db3fb61a9914842e,00c656f8695dec1f7d74c85c7068717e6e5b55ec2abc91a8fc129695b8403e6d,9e5ec7103a4e976e907ee979b332dbd9d60636918d18f5e00c38b8730cf3656d
dinov2_single__pcb4__fold0__k4__seed4881,dinov2_single,pcb4,4,4881,normal_q995,0.8702970297029703,0.9519720587600131,0.7653873023886897,0.24456205269154024,0.13931683148727478,0.2538742731129558,0.15323833816619678,0.21552349140723792,0.4467906570852357,ff4c07208278376b27a4954d560c715f51453c5e,False,data/manifests/visa_pcb_folds.csv,6fd011da63133ce0135df8ae336b42bd81d65db1586e77b2db3fb61a9914842e,0b2eb45acb6ef2c8b83c27f1582ef570f9843ad793bcf147a4571235a0cf702d,9319ae0a275bcaf6f76caee9370afa32f8390871681a94bf13cd27d7d8617427
dinov2_single__pcb4__fold0__k4__seed4882,dinov2_single,pcb4,4,4882,normal_q995,0.8730693069306931,0.9593657953154566,0.7849672108836445,0.25915738616638473,0.14886893513921884,0.26481360167991497,0.16101734298461046,0.22869399021774822,0.4502609241699494,ff4c07208278376b27a4954d560c715f51453c5e,False,data/manifests/visa_pcb_folds.csv,6fd011da63133ce0135df8ae336b42bd81d65db1586e77b2db3fb61a9914842e,62f205c49b0124a9f04d479651b03007263e3dd2dced4c5a7c264d246d11564b,d92e3860c76ff1c4484fcb8aefc432ecb68f00d58a22d593fa44e00698e0f80e
dinov2_single__pcb4__fold0__k4__seed4883,dinov2_single,pcb4,4,4883,normal_q995,0.8934653465346535,0.956009368673408,0.7660314644505419,0.24923911248398942,0.14236045268158307,0.2522108300257317,0.15201382712130768,0.20006309989192853,0.49393509252590667,ff4c07208278376b27a4954d560c715f51453c5e,False,data/manifests/visa_pcb_folds.csv,6fd011da63133ce0135df8ae336b42bd81d65db1586e77b2db3fb61a9914842e,c5ccc856e7c0bf0d1d7556d94dfbeb0fb7caad84e8d23a7e8e4392354d83d828,b0bf6426478797691b04959a23f1a7c9ddd175fd9a240739c0092d5a365d8c0d
dinov2_single__pcb4__fold0__k4__seed4884,dinov2_single,pcb4,4,4884,normal_q995,0.8810891089108911,0.9601333165694979,0.7839172398395401,0.2534795305323784,0.14513401644221477,0.26228796891302936,0.15927539417630726,0.2184088801642991,0.462047728670619,ff4c07208278376b27a4954d560c715f51453c5e,False,data/manifests/visa_pcb_folds.csv,6fd011da63133ce0135df8ae336b42bd81d65db1586e77b2db3fb61a9914842e,b97f9a65abd1281c17ef66dbf3afdc1cf98224e6f4263f526f645af38086d359,9075e5e850d02b7584eed5cfa5ae3a1d7349f7ff64449be67b18af19617f4dd2
dinov2_multi__pcb1__fold0__k1__seed4880,dinov2_multi,pcb1,1,4880,normal_q995,0.8226,0.9925382117552624,0.9402233261082187,0.42879500965377204,0.2729083806940325,0.2444394690087146,0.16451650162475726,0.17558307204356413,0.7282579247596952,ff4c07208278376b27a4954d560c715f51453c5e,False,data/manifests/visa_pcb_folds.csv,6fd011da63133ce0135df8ae336b42bd81d65db1586e77b2db3fb61a9914842e,f436698c4495e61dd376b96c6b158b2dbcaf57739e6a021f21e28b372cdf1a4d,67f6edd8ddb355558b9e9ce59b0441f339b0cd4b6e03a0f53c195d13af40e2fe
dinov2_multi__pcb1__fold0__k1__seed4881,dinov2_multi,pcb1,1,4881,normal_q995,0.8318,0.9933349359256367,0.9340756089699406,0.41060325635687556,0.25833905725496464,0.23248520642513162,0.15713533694512502,0.16164760705555256,0.7858981803813367,ff4c07208278376b27a4954d560c715f51453c5e,False,data/manifests/visa_pcb_folds.csv,6fd011da63133ce0135df8ae336b42bd81d65db1586e77b2db3fb61a9914842e,c637c0d10f32948bf0cdc2a6825aa4bb26ea78a249f326e42465b0c01cd10ab6,56be30ec47431d7987f7cbfa5931e099b6ed1ba58358fb24b547ca39b98f0eec
dinov2_multi__pcb1__fold0__k1__seed4882,dinov2_multi,pcb1,1,4882,normal_q995,0.7846,0.9926056389464404,0.9366573818187104,0.4333918731749912,0.2766434475565577,0.24771179186777925,0.16727728141401413,0.1765376133062208,0.7540584543588872,ff4c07208278376b27a4954d560c715f51453c5e,False,data/manifests/visa_pcb_folds.csv,6fd011da63133ce0135df8ae336b42bd81d65db1586e77b2db3fb61a9914842e,97768134b5f8137a01dbb3eeb813b8c3fc954a83bfb739d148fba872e71e2358,4c13744386583b3ba17dbd2ff84daf4272c9818df07092eadd155d813fdeca51
dinov2_multi__pcb1__fold0__k1__seed4883,dinov2_multi,pcb1,1,4883,normal_q995,0.7938,0.9917210979550248,0.934666431193361,0.42544519596384506,0.27020030987379723,0.24938143117633238,0.16778376209864723,0.17609904462631498,0.7770655380376872,ff4c07208278376b27a4954d560c715f51453c5e,False,data/manifests/visa_pcb_folds.csv,6fd011da63133ce0135df8ae336b42bd81d65db1586e77b2db3fb61a9914842e,cc02043e359589575a5a0d5146ddebb181f5fb4f48ac4ba73f47333a253c86cd,bbcc1159e6b8d1de47b2d6d6c5ea8c0c3d30e2cbccc14e7c5a35ca3c3b94d00e
dinov2_multi__pcb1__fold0__k1__seed4884,dinov2_multi,pcb1,1,4884,normal_q995,0.8139,0.9939556682862919,0.9412505292982386,0.43952519329102135,0.2816611914536284,0.2501391870498405,0.1700041970993198,0.17633159717748026,0.7644074515956539,ff4c07208278376b27a4954d560c715f51453c5e,False,data/manifests/visa_pcb_folds.csv,6fd011da63133ce0135df8ae336b42bd81d65db1586e77b2db3fb61a9914842e,cbbda69a64aa636edbf36aedd75d45b995e9a304ef4a2c876d46c5b166282cf2,ca6aab74f0ddebd2d02a1b0c861d98fb3c31b629f93544920bb91d26a5540b8d
dinov2_multi__pcb1__fold0__k2__seed4880,dinov2_multi,pcb1,2,4880,normal_q995,0.6692,0.9911013457688138,0.9092474733120145,0.5719203774987205,0.4004821359309102,0.34033209065068604,0.23866855455507463,0.27047113032062065,0.5846125069270235,ff4c07208278376b27a4954d560c715f51453c5e,False,data/manifests/visa_pcb_folds.csv,6fd011da63133ce0135df8ae336b42bd81d65db1586e77b2db3fb61a9914842e,43839b2dbf9e73385dfe522058db32afcfb117c7da547c4a5f3ad723429e07a6,3a68626844c22d53ed07e9f72166bafee5316a332b899dc7e2365476cbfadbad
dinov2_multi__pcb1__fold0__k2__seed4881,dinov2_multi,pcb1,2,4881,normal_q995,0.8481,0.993920971865957,0.9386846944918877,0.39473754480504125,0.2459021847347078,0.22666362230783624,0.15209600276502594,0.15588740974824752,0.8138014005579906,ff4c07208278376b27a4954d560c715f51453c5e,False,data/manifests/visa_pcb_folds.csv,6fd011da63133ce0135df8ae336b42bd81d65db1586e77b2db3fb61a9914842e,1c698a3f3b93f2d91cacd34adb4c8ab2adc2dddc0809bc4650f8be50e71597f9,462de256f4e54ef53d2a6a6fa6e97d7ba717037723f6813c5ac60a613211deff
dinov2_multi__pcb1__fold0__k2__seed4882,dinov2_multi,pcb1,2,4882,normal_q995,0.7825,0.9936141489094303,0.9371276775615142,0.42057808657733187,0.2662860905012537,0.2343057214805955,0.15844436777363022,0.16323314060428498,0.7733929057067911,ff4c07208278376b27a4954d560c715f51453c5e,False,data/manifests/visa_pcb_folds.csv,6fd011da63133ce0135df8ae336b42bd81d65db1586e77b2db3fb61a9914842e,25250cbabfe20d58474cf6a353019455124ac4cb25fee4b24e1a60bb7b482a13,b41c611e5273805f9c78f99a5b87145eec6d575f944cd308dfd3f70cc1a527a9
dinov2_multi__pcb1__fold0__k2__seed4883,dinov2_multi,pcb1,2,4883,normal_q995,0.8193,0.99251136742104,0.9363102132016354,0.41415787768665857,0.26115958950725016,0.23840791462200983,0.16065285283967498,0.16660592879188307,0.7847977833791964,ff4c07208278376b27a4954d560c715f51453c5e,False,data/manifests/visa_pcb_folds.csv,6fd011da63133ce0135df8ae336b42bd81d65db1586e77b2db3fb61a9914842e,21ddd5c38844c1dbe65af0768a79dce4e4f09e4ed8c1825d3d9904d8a732b7b0,71265a309a8eadf9f1a9ba2f7a0826deb1b4d6afbeb735f980013ac251785672
dinov2_multi__pcb1__fold0__k2__seed4884,dinov2_multi,pcb1,2,4884,normal_q995,0.7561,0.9942423730199604,0.9350508400269064,0.43498468468499263,0.2779427654338569,0.24542490526319669,0.16701430602834233,0.17281206819174622,0.7626798190005925,ff4c07208278376b27a4954d560c715f51453c5e,False,data/manifests/visa_pcb_folds.csv,6fd011da63133ce0135df8ae336b42bd81d65db1586e77b2db3fb61a9914842e,c7b68b9c6bdd2c08f0990fc93fcbbd68a200f8d084dd9c0868bc6dbbe4029833,897090c3179ad50b8281fa8664d7a67228b261d6ff51f934f6095465ca34c0f4
dinov2_multi__pcb1__fold0__k4__seed4880,dinov2_multi,pcb1,4,4880,normal_q995,0.6666,0.9915742264754706,0.9137526159300449,0.5704226478409615,0.3990148885469352,0.34952128822469364,0.24580576975182486,0.2719670937783599,0.6250268928078724,ff4c07208278376b27a4954d560c715f51453c5e,False,data/manifests/visa_pcb_folds.csv,6fd011da63133ce0135df8ae336b42bd81d65db1586e77b2db3fb61a9914842e,1c9c55a6ee010940af75f96127bd6e12f44e38731a27dcde24c5eceb969e76ac,7c24571a4db0e3e6dec197352c2a4a16dc60c3cf6076a62279b47f6fecdb743b
dinov2_multi__pcb1__fold0__k4__seed4881,dinov2_multi,pcb1,4,4881,normal_q995,0.8784,0.9939118045655417,0.9411867710824373,0.3898855354918443,0.24214771315090525,0.22343338399670812,0.15001802936784833,0.15370048244062923,0.8126723508036122,ff4c07208278376b27a4954d560c715f51453c5e,False,data/manifests/visa_pcb_folds.csv,6fd011da63133ce0135df8ae336b42bd81d65db1586e77b2db3fb61a9914842e,b5cbfc420a1dcd6236ada9cbfb807660dfb4d5ac29ccc8842cfa4c79b3163af9,a4e1382da00223e917261e40735ed6d4da0eedc53db35fc8b27df3c233ea5340
dinov2_multi__pcb1__fold0__k4__seed4882,dinov2_multi,pcb1,4,4882,normal_q995,0.7645,0.9905524627385945,0.9143825990826445,0.5435269677213608,0.3731802482267849,0.3298175321987411,0.22974427212362702,0.24756605915377514,0.6702297052235309,ff4c07208278376b27a4954d560c715f51453c5e,False,data/manifests/visa_pcb_folds.csv,6fd011da63133ce0135df8ae336b42bd81d65db1586e77b2db3fb61a9914842e,3c75648ae2ae646ecc3f8c9dde03aa0571e2ea436f28e07af9f0f39938840d79,6201047217c64f4b375498f53cd89c0fef76be1810d003232f7f648d3fb436d2
dinov2_multi__pcb1__fold0__k4__seed4883,dinov2_multi,pcb1,4,4883,normal_q995,0.793,0.9925275270867402,0.9212855563794685,0.524401856216945,0.3553825670128002,0.3002366485876957,0.20810522260586964,0.21678989784115632,0.6922217409527661,ff4c07208278376b27a4954d560c715f51453c5e,False,data/manifests/visa_pcb_folds.csv,6fd011da63133ce0135df8ae336b42bd81d65db1586e77b2db3fb61a9914842e,3e4d9cafaa9a07c8c8080de62602107679f878d0c88edd76223b84161c5d03d9,7db30806860d399f558647b4b52ca232bf16f640086593176d37c100d5caa032
dinov2_multi__pcb1__fold0__k4__seed4884,dinov2_multi,pcb1,4,4884,normal_q995,0.8537,0.994673372321853,0.9402833878252924,0.40253579847361015,0.2519842373237435,0.23074914324989493,0.15552920750925714,0.1589310046940694,0.824133384201841,ff4c07208278376b27a4954d560c715f51453c5e,False,data/manifests/visa_pcb_folds.csv,6fd011da63133ce0135df8ae336b42bd81d65db1586e77b2db3fb61a9914842e,69418b9cd10466b60f2b59f6350245094e751d607edf1c7a3cdc020dd3687a68,8bd2a0796550d580e5c40bf9c2cd1bb11887d762205430bcde2175bccb7e13b5
dinov2_multi__pcb2__fold0__k1__seed4880,dinov2_multi,pcb2,1,4880,normal_q995,0.5663,0.9286448556082303,0.796534830588721,0.1256552294336503,0.06703954971724996,0.17535183894459153,0.10983513114184157,0.1326244646476461,0.33764527075588624,ff4c07208278376b27a4954d560c715f51453c5e,False,data/manifests/visa_pcb_folds.csv,6fd011da63133ce0135df8ae336b42bd81d65db1586e77b2db3fb61a9914842e,be3095bb05e998c63d047726c9c2a56032a33d2a62741887ed57e30994f654c4,255de120ce516406f4034686c65b7b8b61b660a491edf65c7cac115457c0508c
dinov2_multi__pcb2__fold0__k1__seed4881,dinov2_multi,pcb2,1,4881,normal_q995,0.6998,0.9214960526097994,0.7582554489846837,0.12386554871042116,0.06602168017610945,0.18843543967451867,0.1202501822942398,0.14756213971301035,0.33838906253658024,ff4c07208278376b27a4954d560c715f51453c5e,False,data/manifests/visa_pcb_folds.csv,6fd011da63133ce0135df8ae336b42bd81d65db1586e77b2db3fb61a9914842e,d11663948b9b13d2babeeea226b3ff9d8745ce2d40f94655e80766ea21cc3585,50b44f2ba3e5021f9023dcbe5b299800801e0f83d26e7cf0cc80a00206e1dc01
dinov2_multi__pcb2__fold0__k1__seed4882,dinov2_multi,pcb2,1,4882,normal_q995,0.6371,0.9390299581601881,0.813592740009843,0.1619296185764501,0.08809761596345335,0.21385234301404707,0.13198534539926457,0.1547636064907357,0.44063320501488895,ff4c07208278376b27a4954d560c715f51453c5e,False,data/manifests/visa_pcb_folds.csv,6fd011da63133ce0135df8ae336b42bd81d65db1586e77b2db3fb61a9914842e,2aa326a2f17226fb61fdc254aad289b42f704147a8dafc0c9d140f8dec81a63d,997be4a39090bb5f6899b9fd19f473e85c27bbe413d7b75eeca9fe564f45ecf5
dinov2_multi__pcb2__fold0__k1__seed4883,dinov2_multi,pcb2,1,4883,normal_q995,0.5857,0.9426306499373999,0.8084809766272707,0.15924839789894252,0.08651270367885289,0.21604244375635684,0.1363016675368982,0.16548117578929214,0.40326780613624696,ff4c07208278376b27a4954d560c715f51453c5e,False,data/manifests/visa_pcb_folds.csv,6fd011da63133ce0135df8ae336b42bd81d65db1586e77b2db3fb61a9914842e,22fb04b0721428ef8f81f52adfd3df214f084c05dca7314c5bfe0c2bba3abc0b,bf641aad32adbe9853fcea11f91952e51513c2e7b033c461acd9211c1d2a885f
dinov2_multi__pcb2__fold0__k1__seed4884,dinov2_multi,pcb2,1,4884,normal_q995,0.6944,0.9488092425519564,0.8301829695335102,0.18913073201767433,0.10444195799313785,0.25042856029435784,0.15546881985498984,0.17695313589019046,0.5379489758515706,ff4c07208278376b27a4954d560c715f51453c5e,False,data/manifests/visa_pcb_folds.csv,6fd011da63133ce0135df8ae336b42bd81d65db1586e77b2db3fb61a9914842e,a3d1ffc81e3fa362e50a5b0919276a3bf7eba439851deec86d912bd660be3e13,1cc91b6061c84caefe32d247b8b4f84715e4afd31e3992417154351a9ad62f68
dinov2_multi__pcb2__fold0__k2__seed4880,dinov2_multi,pcb2,2,4880,normal_q995,0.6088,0.9395686285371828,0.8077020849787064,0.18180688712649865,0.09999316675398037,0.2527335012067841,0.16092997589174904,0.18662579755874872,0.4952556583260233,ff4c07208278376b27a4954d560c715f51453c5e,False,data/manifests/visa_pcb_folds.csv,6fd011da63133ce0135df8ae336b42bd81d65db1586e77b2db3fb61a9914842e,c05d37da812c9ef020350f8324c5b05d9542af304d8a09927909a57ae6ead027,f43afa0928793f71241a758c10398fe8d226bc209e17698eecbb549139ef2abd
dinov2_multi__pcb2__fold0__k2__seed4881,dinov2_multi,pcb2,2,4881,normal_q995,0.7086,0.9353672728137165,0.8180514994740691,0.18413736347819692,0.10140489692045379,0.25178899759783346,0.1577822528217493,0.17772824039446292,0.5367297416291635,ff4c07208278376b27a4954d560c715f51453c5e,False,data/manifests/visa_pcb_folds.csv,6fd011da63133ce0135df8ae336b42bd81d65db1586e77b2db3fb61a9914842e,0a8d86e0ada7ca376d660dc574f184092395b1a6e3f47823bb0e6c9410590771,b287bd7e22db6209c12b14ff6e06b660508511d21d466122f3e7e59c23ee635a
dinov2_multi__pcb2__fold0__k2__seed4882,dinov2_multi,pcb2,2,4882,normal_q995,0.6595,0.9426466990533482,0.8219106346009365,0.16733905011850633,0.09130933363824173,0.22548182977498488,0.1393705094707938,0.1582578472520566,0.49211872144792485,ff4c07208278376b27a4954d560c715f51453c5e,False,data/manifests/visa_pcb_folds.csv,6fd011da63133ce0135df8ae336b42bd81d65db1586e77b2db3fb61a9914842e,7df7b215e1d131e153b11e139316a88d9f47475c2dec5c2f7cced636f9ee81de,ad1d2d56fbc56167aa4c166730accdb6855180fa8b7cc14e7bd5a2b45e9ec1bd
dinov2_multi__pcb2__fold0__k2__seed4883,dinov2_multi,pcb2,2,4883,normal_q995,0.6041,0.9521155224517013,0.831000730923961,0.1915476702554529,0.10591800906497215,0.2556831951262245,0.16113304836404363,0.1832981254355667,0.5191759494333709,ff4c07208278376b27a4954d560c715f51453c5e,False,data/manifests/visa_pcb_folds.csv,6fd011da63133ce0135df8ae336b42bd81d65db1586e77b2db3fb61a9914842e,a378570f8c42e615edff3ff8da7df3f62a9393473e780bf5f02c873158e06c0d,22722d3db28c63456cbdfb0feab5e71cdecefc0328f60ec4dd9cf9e92b7bec97
dinov2_multi__pcb2__fold0__k2__seed4884,dinov2_multi,pcb2,2,4884,normal_q995,0.6542,0.949923567840823,0.832764407941045,0.19253091235187816,0.10651961555945573,0.25081347598466885,0.1553561417647359,0.17616388610291714,0.5477427051608948,ff4c07208278376b27a4954d560c715f51453c5e,False,data/manifests/visa_pcb_folds.csv,6fd011da63133ce0135df8ae336b42bd81d65db1586e77b2db3fb61a9914842e,99f5017cfb2e77ce0e3fc56a3d83cacba7861ee3c1634c8bc4368ec817c71966,6201a0e27c16d7287575a744572d55e47926cd78b79bcd7b1078ec7dfcb71c8e
dinov2_multi__pcb2__fold0__k4__seed4880,dinov2_multi,pcb2,4,4880,normal_q995,0.7244,0.9468671366086103,0.8272253273458114,0.19911920285735032,0.11056767509170007,0.2649001445257314,0.16640309966553127,0.18615452961741766,0.5668119080320566,ff4c07208278376b27a4954d560c715f51453c5e,False,data/manifests/visa_pcb_folds.csv,6fd011da63133ce0135df8ae336b42bd81d65db1586e77b2db3fb61a9914842e,b27fabb2472fd74f7f26cad406c248b4c790dc2d335d04e918d8ce0fb556c6a7,69d3adbb7e5b87722bd729942a9208eba0560df5ef9688fa66ea9b091a8be226
dinov2_multi__pcb2__fold0__k4__seed4881,dinov2_multi,pcb2,4,4881,normal_q995,0.7138,0.9473470252458098,0.8375282541731557,0.1981359795508085,0.10996167152580949,0.2600313074940269,0.16161709750791853,0.1802565784694034,0.5743511792591784,ff4c07208278376b27a4954d560c715f51453c5e,False,data/manifests/visa_pcb_folds.csv,6fd011da63133ce0135df8ae336b42bd81d65db1586e77b2db3fb61a9914842e,af514659960f5afe9649b9592b72b11e89caa6ebf437bc20fee8345fe9bd5ca6,c0691b518909cd1c32e30af07d830c40b817cf839d58da5f4deb4dde0b0b7407
dinov2_multi__pcb2__fold0__k4__seed4882,dinov2_multi,pcb2,4,4882,normal_q995,0.7156,0.9452950893713031,0.8277116025800846,0.17962485310053264,0.09867463495449089,0.23956902879038175,0.14871563407024135,0.16872575215643212,0.5223001212554496,ff4c07208278376b27a4954d560c715f51453c5e,False,data/manifests/visa_pcb_folds.csv,6fd011da63133ce0135df8ae336b42bd81d65db1586e77b2db3fb61a9914842e,5459a3d676ea14a0a3d7fd158dbdea34e2116ffcf61977a704c11a029493af37,23dab71dccc92cc8876152faacf51b533065178b445f330775792ff33f0c7d1d
dinov2_multi__pcb2__fold0__k4__seed4883,dinov2_multi,pcb2,4,4883,normal_q995,0.6581,0.9558854742190587,0.8412196241212233,0.19943800770112072,0.11076431056199677,0.2545832019043938,0.15940607934356954,0.17946652824434253,0.5391094957812875,ff4c07208278376b27a4954d560c715f51453c5e,False,data/manifests/visa_pcb_folds.csv,6fd011da63133ce0135df8ae336b42bd81d65db1586e77b2db3fb61a9914842e,2147b7ae609942747b0e51f2e511bb2de864d7000095b0cbd1f708ccf40d38a1,b306869167ab5974e10380cdfe3b68845f7eda99b60de34548ba886caa2d9d6f
dinov2_multi__pcb2__fold0__k4__seed4884,dinov2_multi,pcb2,4,4884,normal_q995,0.7088,0.9520022407977039,0.8443594342097122,0.20066374666587256,0.11152098241451391,0.26528228698194495,0.16599373901139267,0.1868527694832797,0.5710548266046568,ff4c07208278376b27a4954d560c715f51453c5e,False,data/manifests/visa_pcb_folds.csv,6fd011da63133ce0135df8ae336b42bd81d65db1586e77b2db3fb61a9914842e,d46a23775238c8cca8b36bc34a818379745f125fae94835b8dda2e6653861183,b66b2467115b27824ecdbf9effac4aa4c31f7197432ad1e25fe727ebc1a0a3ce
dinov2_multi__pcb3__fold0__k1__seed4880,dinov2_multi,pcb3,1,4880,normal_q995,0.7047524752475247,0.9279489817399568,0.7797415028868185,0.16620891505562688,0.09063677777704363,0.18528542731776643,0.11259228417249277,0.14754600392617548,0.3667150979128628,ff4c07208278376b27a4954d560c715f51453c5e,False,data/manifests/visa_pcb_folds.csv,6fd011da63133ce0135df8ae336b42bd81d65db1586e77b2db3fb61a9914842e,e435767d1eb4205a13542c2ad38c3d2556a1608c36c7039733254429a77fa41a,cb3279717fbe592c9bc3f752dd018d5a5b786299368628a308752c084e148a94
dinov2_multi__pcb3__fold0__k1__seed4881,dinov2_multi,pcb3,1,4881,normal_q995,0.7104950495049505,0.9196830635001634,0.7496049855321928,0.18704639248612492,0.10317218913429556,0.1990237158450255,0.12315540635722357,0.16630040413715474,0.36334978297024506,ff4c07208278376b27a4954d560c715f51453c5e,False,data/manifests/visa_pcb_folds.csv,6fd011da63133ce0135df8ae336b42bd81d65db1586e77b2db3fb61a9914842e,4d2f19aeb8f8f6c3b34e917129a10b14755014045478dc0c7a2b872507dca17b,4d80eb6dbed9ff4ff778598efe03c13521c53e2559d27efd10e74c20295e9026
dinov2_multi__pcb3__fold0__k1__seed4882,dinov2_multi,pcb3,1,4882,normal_q995,0.7084158415841584,0.911136415518721,0.7307361288103646,0.15861140067794288,0.08613684299790862,0.19323217828281464,0.11656891450639577,0.14866554528460044,0.3841749094419323,ff4c07208278376b27a4954d560c715f51453c5e,False,data/manifests/visa_pcb_folds.csv,6fd011da63133ce0135df8ae336b42bd81d65db1586e77b2db3fb61a9914842e,3b0801252333f6579ebe2e88a414c754c67d9fa5e5443af67c33f6c162d73721,7eae025959ac924a7a8bd1925212bffd6e13f836a6a05166be628ac0cd3ca751
dinov2_multi__pcb3__fold0__k1__seed4883,dinov2_multi,pcb3,1,4883,normal_q995,0.6531683168316832,0.9299605320166379,0.7602274062939319,0.15802635574133075,0.08579186582494827,0.19821389554336177,0.12102165249185245,0.1608136693805829,0.38327017950126335,ff4c07208278376b27a4954d560c715f51453c5e,False,data/manifests/visa_pcb_folds.csv,6fd011da63133ce0135df8ae336b42bd81d65db1586e77b2db3fb61a9914842e,55dffce4b27b4040009d3e5cbc78da7efd6b9e7a0199450a83e0e8eaebacb99f,5c6840622b1723c1309eef521bccb0cda5cf2b4c808eb6f6e6b3bc6c74eb8486
dinov2_multi__pcb3__fold0__k1__seed4884,dinov2_multi,pcb3,1,4884,normal_q995,0.7113861386138614,0.9202092342233495,0.7442599693102975,0.1864923509892711,0.10283516096058538,0.20270783655532035,0.12355450041132482,0.15770099503485377,0.385498821469239,ff4c07208278376b27a4954d560c715f51453c5e,False,data/manifests/visa_pcb_folds.csv,6fd011da63133ce0135df8ae336b42bd81d65db1586e77b2db3fb61a9914842e,130581f15b11f069799e7b4832cadb6310f7d6636b60228f828e26b7a6937adc,ea873331ee5dd718ec033b112589730ed9a3215dae528b437d915cc185445f7a
dinov2_multi__pcb3__fold0__k2__seed4880,dinov2_multi,pcb3,2,4880,normal_q995,0.7225742574257425,0.9345035496149239,0.7764652033503262,0.20406168926192142,0.11362399701694541,0.22272674133821987,0.13916367667072588,0.17502162465112467,0.4205544975297184,ff4c07208278376b27a4954d560c715f51453c5e,False,data/manifests/visa_pcb_folds.csv,6fd011da63133ce0135df8ae336b42bd81d65db1586e77b2db3fb61a9914842e,f49c4abcfa15b8561c5f7c885718ce6255990e58ca5971548f6c9fdef653955b,bcad6b00e4bc2eaf513b9f94f329515ebb2d5ce5653746de0d458a1004ca0337
dinov2_multi__pcb3__fold0__k2__seed4881,dinov2_multi,pcb3,2,4881,normal_q995,0.7195049504950495,0.9287756376553119,0.7584996197121401,0.2314924500096071,0.13089706629234613,0.22774453783557383,0.14328371075853416,0.17519261702773595,0.441865037870127,ff4c07208278376b27a4954d560c715f51453c5e,False,data/manifests/visa_pcb_folds.csv,6fd011da63133ce0135df8ae336b42bd81d65db1586e77b2db3fb61a9914842e,2e42706771da2d0ec5cf59cd70783be792a2e57699ff7e649d7662b51cbd8e00,bafde6a9925ba198277b6a56ca06af8c98b6e7b3dd5a624c9f4f6af06d7bc2fd
dinov2_multi__pcb3__fold0__k2__seed4882,dinov2_multi,pcb3,2,4882,normal_q995,0.7326732673267327,0.9350181243563981,0.7696492191439623,0.2051123717183633,0.11427588473309097,0.2345704291339781,0.1455867761841999,0.17871266026548896,0.4548607852127787,ff4c07208278376b27a4954d560c715f51453c5e,False,data/manifests/visa_pcb_folds.csv,6fd011da63133ce0135df8ae336b42bd81d65db1586e77b2db3fb61a9914842e,2be6b3bcf86e3cc3a78a3b3c4cb3acfee43b4430f10c45bd364b20e3aea355e3,adc4b6ccf4a85b5ccb05e0fb9a850ed205914ee865f0906cdb3319b80eea555a
dinov2_multi__pcb3__fold0__k2__seed4883,dinov2_multi,pcb3,2,4883,normal_q995,0.7033663366336633,0.935226664837975,0.7544114901508803,0.17667947561743869,0.09689984468159728,0.19624276994672768,0.12044511070926775,0.15675470573978,0.36702912155320455,ff4c07208278376b27a4954d560c715f51453c5e,False,data/manifests/visa_pcb_folds.csv,6fd011da63133ce0135df8ae336b42bd81d65db1586e77b2db3fb61a9914842e,be91ebf6fc3a92ff81e1513a767ea5541f7d40c892e347afd1a3b19d089abf08,894172c14553cec55307dd77b70001bf8f33b5658b38f710fabc918b5da2d2be
dinov2_multi__pcb3__fold0__k2__seed4884,dinov2_multi,pcb3,2,4884,normal_q995,0.6915841584158415,0.9302869880202604,0.7524562826476676,0.2052741258279275,0.11437631160392271,0.2085229812370363,0.12947781920362292,0.164643682678768,0.38477398213971936,ff4c07208278376b27a4954d560c715f51453c5e,False,data/manifests/visa_pcb_folds.csv,6fd011da63133ce0135df8ae336b42bd81d65db1586e77b2db3fb61a9914842e,5b89c442dbbe0dbb6feae8c09314710570b19cf0d1fdafab6df04a66d6aab98c,bb577f95486705c130f8f9cb82c4c46ba4008f12aee8a40faa6b95e1938bed6e
dinov2_multi__pcb3__fold0__k4__seed4880,dinov2_multi,pcb3,4,4880,normal_q995,0.7382178217821782,0.936134162371279,0.7816179160429405,0.2060476281453183,0.11485679964418201,0.22847003691230167,0.1419515490215752,0.1750786516907357,0.4439164356378078,ff4c07208278376b27a4954d560c715f51453c5e,False,data/manifests/visa_pcb_folds.csv,6fd011da63133ce0135df8ae336b42bd81d65db1586e77b2db3fb61a9914842e,bb9282170979dcd37d67c5f2d945b6f185ab1fa61a8ba1c1be0514c6de7b2e98,46c7e2d2ceb12f8a5128376ff0bccb334c4812eb1f5e741dda889c567d643153
dinov2_multi__pcb3__fold0__k4__seed4881,dinov2_multi,pcb3,4,4881,normal_q995,0.7295049504950495,0.9346117538097495,0.7688015950125417,0.249075023098833,0.14225339542511553,0.24585493050383841,0.15729616163430868,0.18994755762460272,0.4611712592002084,ff4c07208278376b27a4954d560c715f51453c5e,False,data/manifests/visa_pcb_folds.csv,6fd011da63133ce0135df8ae336b42bd81d65db1586e77b2db3fb61a9914842e,a403699cca171d1048ce95b6066d4cf8932b74c6aaddf00f6c376227d89af36c,c5941785df3a136172d62899518b96722a0d78696897baa67342d691b6e982c3
dinov2_multi__pcb3__fold0__k4__seed4882,dinov2_multi,pcb3,4,4882,normal_q995,0.7600990099009901,0.938998294443383,0.7848905278065873,0.21392567963284945,0.11977423178497651,0.23659443187967935,0.1471844878615861,0.17969734822201017,0.46266645415158986,ff4c07208278376b27a4954d560c715f51453c5e,False,data/manifests/visa_pcb_folds.csv,6fd011da63133ce0135df8ae336b42bd81d65db1586e77b2db3fb61a9914842e,3ee71369d8912cfccee24dc16853e1ce42095e3b4b28b19370568b65f6a47432,d2782f0176c224582d6613ff86783b53ac8892fe51cc76a9cc44cab33d6c20f6
dinov2_multi__pcb3__fold0__k4__seed4883,dinov2_multi,pcb3,4,4883,normal_q995,0.7194059405940594,0.9421243019560926,0.7731926163167485,0.20461071542082573,0.1139645408259106,0.22605574229189832,0.14097331230456173,0.17816689060176816,0.41381362076715544,ff4c07208278376b27a4954d560c715f51453c5e,False,data/manifests/visa_pcb_folds.csv,6fd011da63133ce0135df8ae336b42bd81d65db1586e77b2db3fb61a9914842e,01d07276ee067810e5170510c9609081f9c87b77c5f802bcfdc2d04c8afea1a6,4543c0a6e497a7d871849beba8b673a7406e985007eea46aeebb5ce602f7e631
dinov2_multi__pcb3__fold0__k4__seed4884,dinov2_multi,pcb3,4,4884,normal_q995,0.7077227722772277,0.9352704982236861,0.7707069540062171,0.22723816151494447,0.12818313017677252,0.23398652942172002,0.14696875708439483,0.18065185060736816,0.4359894501298173,ff4c07208278376b27a4954d560c715f51453c5e,False,data/manifests/visa_pcb_folds.csv,6fd011da63133ce0135df8ae336b42bd81d65db1586e77b2db3fb61a9914842e,86a0048991530707736f06838ffcaf606672eda50ba444afa63dc057051f651f,7cd6c933a12172a1da1c2e4652be3120a03498258e79674f132fdd9486f6d866
dinov2_multi__pcb4__fold0__k1__seed4880,dinov2_multi,pcb4,1,4880,normal_q995,0.6198019801980198,0.8635391366176411,0.6573592046398057,0.14967783178302857,0.08089284901518683,0.18527266599534312,0.11097259135794035,0.22395241363708582,0.23478184106402103,ff4c07208278376b27a4954d560c715f51453c5e,False,data/manifests/visa_pcb_folds.csv,6fd011da63133ce0135df8ae336b42bd81d65db1586e77b2db3fb61a9914842e,da652a844024d38a4e5e7f8d455b8d8fff805ea5bfd9fbf3f77f07e6b0370016,624fbb85ae48429b7ade95489783a7e03a4de144d010e75df37bd65179422750
dinov2_multi__pcb4__fold0__k1__seed4881,dinov2_multi,pcb4,1,4881,normal_q995,0.7846534653465347,0.8800847876582137,0.6960552112947589,0.17558604095852173,0.096242434502514,0.19547426260682252,0.11514724410413686,0.19486330036449345,0.28613862400573786,ff4c07208278376b27a4954d560c715f51453c5e,False,data/manifests/visa_pcb_folds.csv,6fd011da63133ce0135df8ae336b42bd81d65db1586e77b2db3fb61a9914842e,a767f92ce93c3b1b16029ae6faae019b367eef0aeb5ca63379720fce7bfb0ea7,a2d524cf30f5d0aeb31899d8bc31a6ca73785f3b2d340a93accb807d4268731b
dinov2_multi__pcb4__fold0__k1__seed4882,dinov2_multi,pcb4,1,4882,normal_q995,0.7047524752475247,0.8794909367888997,0.6894239921541316,0.1637075117078457,0.08915110896091615,0.19008313228252866,0.1119442521864291,0.19953749351360162,0.2681353445715161,ff4c07208278376b27a4954d560c715f51453c5e,False,data/manifests/visa_pcb_folds.csv,6fd011da63133ce0135df8ae336b42bd81d65db1586e77b2db3fb61a9914842e,4b1933fbcb07fc2b923b83a735e425750046c64ae470fc0d010e1615ac182d5f,970922c1860df52744af6def73b6401649ae66a5c8f4ed9ac088e46dd250129e
dinov2_multi__pcb4__fold0__k1__seed4883,dinov2_multi,pcb4,1,4883,normal_q995,0.7565346534653465,0.8852140959445965,0.7123030341705127,0.1804110262319871,0.09914932923471785,0.20361547813988579,0.12195732868103751,0.22142238960621402,0.2808246370876026,ff4c07208278376b27a4954d560c715f51453c5e,False,data/manifests/visa_pcb_folds.csv,6fd011da63133ce0135df8ae336b42bd81d65db1586e77b2db3fb61a9914842e,c7eacb7c91085136aa86828cb9141368db44043c0b43837cc0d07ee920a0044b,bda4dc0f244adb0b83ccd9479738cffc24e0dbbd02d38bb485dbd74ed139f16f
dinov2_multi__pcb4__fold0__k1__seed4884,dinov2_multi,pcb4,1,4884,normal_q995,0.7966336633663367,0.8778354866658341,0.6978605464701642,0.16038164613894054,0.0871820210981944,0.18555145574755,0.1088888645477701,0.18933142594626295,0.272500053798251,ff4c07208278376b27a4954d560c715f51453c5e,False,data/manifests/visa_pcb_folds.csv,6fd011da63133ce0135df8ae336b42bd81d65db1586e77b2db3fb61a9914842e,42e22e4926b5e1b2dfe66d61ae96934a54e17542b3c0a0b4ca9b577f74335df6,3ffa9f3059342c97296e9285cc97755f360c565424be6e3ca1e5f7e9722dfd61
dinov2_multi__pcb4__fold0__k2__seed4880,dinov2_multi,pcb4,2,4880,normal_q995,0.7252475247524752,0.8783681013774765,0.6928974338022257,0.16398882358521472,0.08931798765268896,0.19182539058608478,0.1135144216170473,0.20780143897555337,0.27040527879569765,ff4c07208278376b27a4954d560c715f51453c5e,False,data/manifests/visa_pcb_folds.csv,6fd011da63133ce0135df8ae336b42bd81d65db1586e77b2db3fb61a9914842e,e36ee9775a73dd59af3f2be3ec18100830b38b377feca5c243ac5649b824e779,2bace61cfcd2a813798d8ff3a76ac87de5526594323cb68d4ec345f2ec262fae
dinov2_multi__pcb4__fold0__k2__seed4881,dinov2_multi,pcb4,2,4881,normal_q995,0.8239603960396039,0.8825224697869459,0.6977292077187263,0.175843053653127,0.09639688843949369,0.1959133625318807,0.11552834991058665,0.1957509416196423,0.2838822830878087,ff4c07208278376b27a4954d560c715f51453c5e,False,data/manifests/visa_pcb_folds.csv,6fd011da63133ce0135df8ae336b42bd81d65db1586e77b2db3fb61a9914842e,3511eaf53aa60bff4919d3be45bfdf5dff5fccbd0f06bb763660ba0dfec06cc2,7e156cecc2c7693d110b41c702bdd8b8fcba2219bd614fe381ec4ca0975d370f
dinov2_multi__pcb4__fold0__k2__seed4882,dinov2_multi,pcb4,2,4882,normal_q995,0.8699009900990099,0.8893908664549935,0.7155082384912123,0.17624436807817326,0.09663814877021186,0.1975736707770458,0.11593206654491076,0.19146181850671204,0.3026352098728007,ff4c07208278376b27a4954d560c715f51453c5e,False,data/manifests/visa_pcb_folds.csv,6fd011da63133ce0135df8ae336b42bd81d65db1586e77b2db3fb61a9914842e,823433398ff77f10e56d8fda9fe36d14ca26a9c8f2414840f7ab07b0128e56af,419249fdea2dc3045eff2887e042cd16aa7274f8b545f1b8d42d8683b9334906
dinov2_multi__pcb4__fold0__k2__seed4883,dinov2_multi,pcb4,2,4883,normal_q995,0.7461386138613861,0.8708498411113001,0.6505504639774111,0.1487488635239883,0.08035045088865812,0.17246679198388232,0.10111815559473027,0.1821312968126927,0.2520719572167095,ff4c07208278376b27a4954d560c715f51453c5e,False,data/manifests/visa_pcb_folds.csv,6fd011da63133ce0135df8ae336b42bd81d65db1586e77b2db3fb61a9914842e,ad6bb996686914bc77280254d7a573d1b67bb3e6cac5e7ffb8c4c04ea2bb0ec3,14e1f701c424c442f38d2c76c87943eb302a1f663f5fedc75f04590355b0b590
dinov2_multi__pcb4__fold0__k2__seed4884,dinov2_multi,pcb4,2,4884,normal_q995,0.8104950495049505,0.8859826889582174,0.7169714033857637,0.17335405245265914,0.09490292997689219,0.19814808480026283,0.11725270425192509,0.19973626372409584,0.2894222009845056,ff4c07208278376b27a4954d560c715f51453c5e,False,data/manifests/visa_pcb_folds.csv,6fd011da63133ce0135df8ae336b42bd81d65db1586e77b2db3fb61a9914842e,0a4a0bc7ed7da8c12aa39360581ceb024a654058745a71431cb61fe9d1f6fabe,a1c3c9ac430682dd5b504a20ca6b29802cc4a1a00cf7f53e1cb36353dd18df99
dinov2_multi__pcb4__fold0__k4__seed4880,dinov2_multi,pcb4,4,4880,normal_q995,0.7399009900990099,0.8770811795188442,0.6892453513133154,0.16140783721770025,0.08778882042738909,0.1889711378565271,0.11146604936857667,0.20022511755379072,0.26848638540875513,ff4c07208278376b27a4954d560c715f51453c5e,False,data/manifests/visa_pcb_folds.csv,6fd011da63133ce0135df8ae336b42bd81d65db1586e77b2db3fb61a9914842e,c3cc7a68e0914024e82d9532bc7825024f3fe271f3287b5a88e5c3ac8705a961,089547c2a74a7976baebc4a2461d40495055be6b34aa1e784210fb0e91f138bc
dinov2_multi__pcb4__fold0__k4__seed4881,dinov2_multi,pcb4,4,4881,normal_q995,0.73,0.887665864937236,0.6965697485974297,0.17137318844998736,0.0937168739775422,0.19432669332415375,0.11424450702923253,0.1930891346173054,0.28496306909193253,ff4c07208278376b27a4954d560c715f51453c5e,False,data/manifests/visa_pcb_folds.csv,6fd011da63133ce0135df8ae336b42bd81d65db1586e77b2db3fb61a9914842e,7576a3ebbde21e964a93d385773534e20645160a9ea98e99ccaa4c96ed008d8b,55cfa8a7321a95bf40a83e3891fd435e6408ed2b0b480f7d7556287e154700fe
dinov2_multi__pcb4__fold0__k4__seed4882,dinov2_multi,pcb4,4,4882,normal_q995,0.8269306930693069,0.8981326507420626,0.725028419693121,0.18331972893230963,0.10090918685684291,0.20875401060703982,0.12361506915781031,0.2093441009654444,0.300730049158072,ff4c07208278376b27a4954d560c715f51453c5e,False,data/manifests/visa_pcb_folds.csv,6fd011da63133ce0135df8ae336b42bd81d65db1586e77b2db3fb61a9914842e,c1d5f6935938b78593fdada0692549847b2dc07de1564ca45863740a931c8376,8e0671e2c5eb7927612b00c6ed1e1a4dad84891fd5c2f4b690a4e5f7428da660
dinov2_multi__pcb4__fold0__k4__seed4883,dinov2_multi,pcb4,4,4883,normal_q995,0.8112871287128713,0.8821268645724057,0.6838640261958009,0.16056101751388593,0.08728803675611892,0.18090344375026862,0.10548468784149938,0.17575716451959345,0.281897571215445,ff4c07208278376b27a4954d560c715f51453c5e,False,data/manifests/visa_pcb_folds.csv,6fd011da63133ce0135df8ae336b42bd81d65db1586e77b2db3fb61a9914842e,a8f779fbce707149b6a299a9e215aa47c62f1a679c682f389a9189b54cd0929f,7e7319feb334a2944828bcffacbc0b5335aae9c533553b3a7860808f70fbc304
dinov2_multi__pcb4__fold0__k4__seed4884,dinov2_multi,pcb4,4,4884,normal_q995,0.8402970297029703,0.8991766553748819,0.7434579881538552,0.19065230242163086,0.10537073812667398,0.21206045936038906,0.1258377228833346,0.20518515408134128,0.32292897632299516,ff4c07208278376b27a4954d560c715f51453c5e,False,data/manifests/visa_pcb_folds.csv,6fd011da63133ce0135df8ae336b42bd81d65db1586e77b2db3fb61a9914842e,7efea7111aa9529fe2d3d8d3d68850dbbdb750cdba64c60c4c540db11957a74e,74258633ef88ccefe2a947d34008b0c78b5cd597f7a0794b6ed6564417548317
sam2_only__pcb1__fold0__k0__seed0,sam2_only,pcb1,0,0,binary_model_output,,,,,,0.009672796537149623,0.005067287181411938,0.005278914461722694,0.33877544792850506,ff4c07208278376b27a4954d560c715f51453c5e,False,data/manifests/visa_pcb_folds.csv,6fd011da63133ce0135df8ae336b42bd81d65db1586e77b2db3fb61a9914842e,de2f75f6b2e4edeb28002080e21790cbeeedde6ba3e958dc8d89adedeaba375f,f57f13fe91c73cae6f969d70690341a56cee070b61ac4ec6fa68ea6b77e0a4c2
sam2_only__pcb2__fold0__k0__seed0,sam2_only,pcb2,0,0,binary_model_output,,,,,,0.006896684534270952,0.00350623491409108,0.0035141458897866257,0.48926685095856676,ff4c07208278376b27a4954d560c715f51453c5e,False,data/manifests/visa_pcb_folds.csv,6fd011da63133ce0135df8ae336b42bd81d65db1586e77b2db3fb61a9914842e,628947f430bfa8a7b2606a51d81f31923624c7e494909c5164de34f1bc5e60d3,463fa4dc84b854daf5e839d58d7d7891413b23cd6826464d5a3a076de9f513a5
sam2_only__pcb3__fold0__k0__seed0,sam2_only,pcb3,0,0,binary_model_output,,,,,,0.00585844383000789,0.0029619101219448907,0.002973297094077594,0.6047073319825891,ff4c07208278376b27a4954d560c715f51453c5e,False,data/manifests/visa_pcb_folds.csv,6fd011da63133ce0135df8ae336b42bd81d65db1586e77b2db3fb61a9914842e,3cf0bc19701d76d618e227351c7b6f6c1a87b083a3d1923da03d13db451c2aa6,8dc203f2416390456e0dd6888124fbc643733b5df2055ab339b0a42aa2ee434f
sam2_only__pcb4__fold0__k0__seed0,sam2_only,pcb4,0,0,binary_model_output,,,,,,0.005292568455972237,0.002670936793983442,0.0027224985644054567,0.17621076772840233,ff4c07208278376b27a4954d560c715f51453c5e,False,data/manifests/visa_pcb_folds.csv,6fd011da63133ce0135df8ae336b42bd81d65db1586e77b2db3fb61a9914842e,a88ec840e5e742badb9bd9ff5ca5f6cc28a39341dbdc5912bdd211904506597e,0b9498516c8005b4855cf1ab30ccdfea9e800b63efe446ed4dfd3cbfe0ec18cb
dinov2_single_sam2__pcb1__fold0__k1__seed4880,dinov2_single_sam2,pcb1,1,4880,binary_model_output,,,,,,0.23852152885250827,0.15377624471784826,0.16782679671670014,0.7914856202503092,ff4c07208278376b27a4954d560c715f51453c5e,False,data/manifests/visa_pcb_folds.csv,6fd011da63133ce0135df8ae336b42bd81d65db1586e77b2db3fb61a9914842e,011d7f191e6e7cdf4c2eb760a09def425ce387b9a71c12e96f311f6c787b50cb,1426d11383bbdcd40f501d263aeead9739e35d9655c595c8586219f962b14b29
dinov2_single_sam2__pcb1__fold0__k1__seed4881,dinov2_single_sam2,pcb1,1,4881,binary_model_output,,,,,,0.23638989898968216,0.15333904012289376,0.16259762781231435,0.8088967068635763,ff4c07208278376b27a4954d560c715f51453c5e,False,data/manifests/visa_pcb_folds.csv,6fd011da63133ce0135df8ae336b42bd81d65db1586e77b2db3fb61a9914842e,ac6f90fa4ef9c566ece0894ed59fe5a55d4ae7aab008ba0fb9d771af93141c8f,556d04797cf9a5f4fd74c7f8711545a51a8ef63b9ef98ff143733bb94ead63dc
dinov2_single_sam2__pcb1__fold0__k1__seed4882,dinov2_single_sam2,pcb1,1,4882,binary_model_output,,,,,,0.2731355892019431,0.17951091236297967,0.19303841724392357,0.7999881133889649,ff4c07208278376b27a4954d560c715f51453c5e,False,data/manifests/visa_pcb_folds.csv,6fd011da63133ce0135df8ae336b42bd81d65db1586e77b2db3fb61a9914842e,729ccbe980e790c21bcb0bb49b4e680438a0aa7b86efa32bbdb0208732be6371,0986022d953c6aae4a3234edc7781edb5ec346955eb408080930643040f977f4
dinov2_single_sam2__pcb1__fold0__k1__seed4883,dinov2_single_sam2,pcb1,1,4883,binary_model_output,,,,,,0.24013305966327836,0.15785964436577216,0.17077566130026342,0.7852953721553213,ff4c07208278376b27a4954d560c715f51453c5e,False,data/manifests/visa_pcb_folds.csv,6fd011da63133ce0135df8ae336b42bd81d65db1586e77b2db3fb61a9914842e,55b5670c8e1d39ea7ba3411d44751b9d82cca11497feed2eb1813dbf17563cb0,446ac240bc77082c5bd979535c254144344fa0e8d89e3592a3da238194f6cc55
dinov2_single_sam2__pcb1__fold0__k1__seed4884,dinov2_single_sam2,pcb1,1,4884,binary_model_output,,,,,,0.24668846252613424,0.16087193252621412,0.17106950689437203,0.8186679042492528,ff4c07208278376b27a4954d560c715f51453c5e,False,data/manifests/visa_pcb_folds.csv,6fd011da63133ce0135df8ae336b42bd81d65db1586e77b2db3fb61a9914842e,dd1ea27976df8092b97d1c8f1f79087bf3aff237f61d3ab151ac6a31d2b3454c,239881968b4ddde45cfe01ef6d724d8378e15a6e92a13123ea0810caa52b043c
dinov2_single_sam2__pcb1__fold0__k2__seed4880,dinov2_single_sam2,pcb1,2,4880,binary_model_output,,,,,,0.4038178646881483,0.28653445920243015,0.3133336001534604,0.716983126814016,ff4c07208278376b27a4954d560c715f51453c5e,False,data/manifests/visa_pcb_folds.csv,6fd011da63133ce0135df8ae336b42bd81d65db1586e77b2db3fb61a9914842e,023babee3b3831c9a059517a2073d9a1d17c1fb44b900768548eb784a1c210ee,293fda0fcda0319c1e6bd15db0b7270c7dc21b52ff409995c415a876198d1b3d
dinov2_single_sam2__pcb1__fold0__k2__seed4881,dinov2_single_sam2,pcb1,2,4881,binary_model_output,,,,,,0.22748072223319735,0.14720201645797248,0.15574259714828,0.8000586698880864,ff4c07208278376b27a4954d560c715f51453c5e,False,data/manifests/visa_pcb_folds.csv,6fd011da63133ce0135df8ae336b42bd81d65db1586e77b2db3fb61a9914842e,efdc13f629a82a6ca17df8370951ae58bfea687fc00cf5c5187378b5a58cb957,4db5e843aa9fe931ec0b3e833135dd77f1891623f4ee9faa32a3c5502fe854af
dinov2_single_sam2__pcb1__fold0__k2__seed4882,dinov2_single_sam2,pcb1,2,4882,binary_model_output,,,,,,0.2540990726392545,0.1672423305169786,0.17790761391537038,0.7592847853609191,ff4c07208278376b27a4954d560c715f51453c5e,False,data/manifests/visa_pcb_folds.csv,6fd011da63133ce0135df8ae336b42bd81d65db1586e77b2db3fb61a9914842e,0f45102535ba7f3ef4cfd731f57eeb80ce5aff23f582d95219a6f3cbb1d36bf7,1a8422e4edafde968fcc97c1ebc367ee5f5631af4d6739b05a1872958f395192
dinov2_single_sam2__pcb1__fold0__k2__seed4883,dinov2_single_sam2,pcb1,2,4883,binary_model_output,,,,,,0.24393838736718787,0.15777670552277023,0.16947834897164454,0.7988918192495653,ff4c07208278376b27a4954d560c715f51453c5e,False,data/manifests/visa_pcb_folds.csv,6fd011da63133ce0135df8ae336b42bd81d65db1586e77b2db3fb61a9914842e,eb70808981c48c1f2c582669b821d4d5601749037c30cef9eec367567a28c63c,2700413efa7fd30ad739538598ed77b22cc80e36587ecbb2d4df8d699696cd3a
dinov2_single_sam2__pcb1__fold0__k2__seed4884,dinov2_single_sam2,pcb1,2,4884,binary_model_output,,,,,,0.23838162524948128,0.15497010252318583,0.16704541246009239,0.8046927935914622,ff4c07208278376b27a4954d560c715f51453c5e,False,data/manifests/visa_pcb_folds.csv,6fd011da63133ce0135df8ae336b42bd81d65db1586e77b2db3fb61a9914842e,e8a4bd4c161ccff31f72bc20a5cfe4c176b9e8904137098464b4ae3c6bcba311,688d469e4f3850b8391157841a09512f48d1a0c2ceb8edfdea729f7fa7132779
dinov2_single_sam2__pcb1__fold0__k4__seed4880,dinov2_single_sam2,pcb1,4,4880,binary_model_output,,,,,,0.4053990898082738,0.28522059380392434,0.31058043040442834,0.7489322164144666,ff4c07208278376b27a4954d560c715f51453c5e,False,data/manifests/visa_pcb_folds.csv,6fd011da63133ce0135df8ae336b42bd81d65db1586e77b2db3fb61a9914842e,b862a25694f80164f647b96d6549ec02573dd54b9d6b7562def7db03b3787595,af15b9dac8d68d56e9b59310f22d61a02957c472532ad93250fa55d9f97d419e
dinov2_single_sam2__pcb1__fold0__k4__seed4881,dinov2_single_sam2,pcb1,4,4881,binary_model_output,,,,,,0.2314439068707536,0.14985352408093808,0.1605226293861035,0.7960907834420204,ff4c07208278376b27a4954d560c715f51453c5e,False,data/manifests/visa_pcb_folds.csv,6fd011da63133ce0135df8ae336b42bd81d65db1586e77b2db3fb61a9914842e,6dc8d455a378be95859506b337e176b21da5112ec401cab237d8f5cacba35d3e,c9d870eb12402f99bba0dead8af0a3bce6f74f4e6423922633db3b9db759bb2e
dinov2_single_sam2__pcb1__fold0__k4__seed4882,dinov2_single_sam2,pcb1,4,4882,binary_model_output,,,,,,0.35308883073647196,0.24235956930904753,0.25623165230444966,0.8011213361488562,ff4c07208278376b27a4954d560c715f51453c5e,False,data/manifests/visa_pcb_folds.csv,6fd011da63133ce0135df8ae336b42bd81d65db1586e77b2db3fb61a9914842e,70b965bb377ba4454a95270f102325c27eaed9e3f2b5485487a78f192611e749,8e31c6f3ee1ea8edfeb05ba6e6ce1f7bb64d7ae71f9f6f301966fa1b6e3dce81
dinov2_single_sam2__pcb1__fold0__k4__seed4883,dinov2_single_sam2,pcb1,4,4883,binary_model_output,,,,,,0.3112005832597127,0.20503586299815654,0.21674817667902072,0.7644542605728546,ff4c07208278376b27a4954d560c715f51453c5e,False,data/manifests/visa_pcb_folds.csv,6fd011da63133ce0135df8ae336b42bd81d65db1586e77b2db3fb61a9914842e,d6ab6efb0cc9c9a33107f9514d11f3e6762988bf8b839035a4caa948f6925963,5cb63dede5b16c153dd57f83419e12714ed604f3400505bb90d5cf772ff0b62d
dinov2_single_sam2__pcb1__fold0__k4__seed4884,dinov2_single_sam2,pcb1,4,4884,binary_model_output,,,,,,0.24386248005349023,0.15927439775213312,0.16962790962211188,0.8102206024876228,ff4c07208278376b27a4954d560c715f51453c5e,False,data/manifests/visa_pcb_folds.csv,6fd011da63133ce0135df8ae336b42bd81d65db1586e77b2db3fb61a9914842e,2a051a0d9bf47af4713ddd904db49c1104848016e8cb29bf3548605f46ae1cf0,3f3f91aa216b4f3120e04280f553bccdc71095f348d1dc0858bb97454df10de6
dinov2_single_sam2__pcb2__fold0__k1__seed4880,dinov2_single_sam2,pcb2,1,4880,binary_model_output,,,,,,0.23393028107984914,0.15509314096430646,0.19260527476588474,0.3863508220853473,ff4c07208278376b27a4954d560c715f51453c5e,False,data/manifests/visa_pcb_folds.csv,6fd011da63133ce0135df8ae336b42bd81d65db1586e77b2db3fb61a9914842e,506d8d4b7ee878a4695334f14c5e6c97f5172f1bbe23d57c8051ee50a7b180db,3a7f0ab31085c29363f29254b01f4d482f3f1e8a4ca0d0ebbcd521c8a75a5330
dinov2_single_sam2__pcb2__fold0__k1__seed4881,dinov2_single_sam2,pcb2,1,4881,binary_model_output,,,,,,0.2245137732507071,0.14610896016697933,0.17000860587114805,0.40698295813407626,ff4c07208278376b27a4954d560c715f51453c5e,False,data/manifests/visa_pcb_folds.csv,6fd011da63133ce0135df8ae336b42bd81d65db1586e77b2db3fb61a9914842e,7dde6c2f30383c73bfc654d6b6d8813082892c5cf445f442324e0c0b9a516b7d,999c3da7f38d9c28da9129eca935eea38a19c95600cb9f78d1e36154cb31756e
dinov2_single_sam2__pcb2__fold0__k1__seed4882,dinov2_single_sam2,pcb2,1,4882,binary_model_output,,,,,,0.26845996853092896,0.17187383169356094,0.19289664594722575,0.5509542660536038,ff4c07208278376b27a4954d560c715f51453c5e,False,data/manifests/visa_pcb_folds.csv,6fd011da63133ce0135df8ae336b42bd81d65db1586e77b2db3fb61a9914842e,0c3f291febb301599a201eebec3525d6b2636c55573b3110fdb381978a35ef03,01ad83deac150cf908642ffc612838303ef775da7576f739859fdb160cb3d387
dinov2_single_sam2__pcb2__fold0__k1__seed4883,dinov2_single_sam2,pcb2,1,4883,binary_model_output,,,,,,0.26934617004702444,0.18111324663966372,0.22055662250800848,0.43674180138608465,ff4c07208278376b27a4954d560c715f51453c5e,False,data/manifests/visa_pcb_folds.csv,6fd011da63133ce0135df8ae336b42bd81d65db1586e77b2db3fb61a9914842e,a2ba9bedf6426a45e97d8f18ce90ebcd3d41585ac49b750d215c41650ce936e6,7e46858cc84fa260cab8012e4f7248bc0314b78afb71d5a1b49cb849e07c8adb
dinov2_single_sam2__pcb2__fold0__k1__seed4884,dinov2_single_sam2,pcb2,1,4884,binary_model_output,,,,,,0.27817231730291053,0.18091616805641575,0.199767497831321,0.5658192387778922,ff4c07208278376b27a4954d560c715f51453c5e,False,data/manifests/visa_pcb_folds.csv,6fd011da63133ce0135df8ae336b42bd81d65db1586e77b2db3fb61a9914842e,5dfb6100766ce241ce57b217d20efa879f3c7ef33dc05c378f0f85bd7796ea59,f71da5ae07be2314a57fc2786d952775d0cae6f4209783cdb4715d47530c4cfe
dinov2_single_sam2__pcb2__fold0__k2__seed4880,dinov2_single_sam2,pcb2,2,4880,binary_model_output,,,,,,0.32517729598038303,0.21904245825598948,0.25150961706408886,0.5677860634152067,ff4c07208278376b27a4954d560c715f51453c5e,False,data/manifests/visa_pcb_folds.csv,6fd011da63133ce0135df8ae336b42bd81d65db1586e77b2db3fb61a9914842e,ae30511bd438ab2762a92ed364a28d1dbd3b2045c2f44f0ee96bd98ce0af38d0,06d77067b5e9616a028c106a1eee15a9d16bf22cf7fa79135740af6acfd07e72
dinov2_single_sam2__pcb2__fold0__k2__seed4881,dinov2_single_sam2,pcb2,2,4881,binary_model_output,,,,,,0.3063258761648458,0.2038314103815882,0.22936284012351368,0.573795976748315,ff4c07208278376b27a4954d560c715f51453c5e,False,data/manifests/visa_pcb_folds.csv,6fd011da63133ce0135df8ae336b42bd81d65db1586e77b2db3fb61a9914842e,d4f362970249b4e7599554385aedc2ac469f57523b8f41cc98903756e244920a,14ab26c51ee2971378f39c5b9b1089a5a612d075cb5844e04fc5de6b1e9a0f11
dinov2_single_sam2__pcb2__fold0__k2__seed4882,dinov2_single_sam2,pcb2,2,4882,binary_model_output,,,,,,0.29042613356167485,0.188948308800366,0.20789138501945092,0.6009704398618135,ff4c07208278376b27a4954d560c715f51453c5e,False,data/manifests/visa_pcb_folds.csv,6fd011da63133ce0135df8ae336b42bd81d65db1586e77b2db3fb61a9914842e,cb720d5c7e4006622c24289736a219b88e4a7e2eb00073c735008bee47a3b134,53ad88a2adc121b75e1e6ee5f370924a600d352cab82754b1aefc4e84c0faa96
dinov2_single_sam2__pcb2__fold0__k2__seed4883,dinov2_single_sam2,pcb2,2,4883,binary_model_output,,,,,,0.31111106645209313,0.20446026554159624,0.23071180465249302,0.5742484611145098,ff4c07208278376b27a4954d560c715f51453c5e,False,data/manifests/visa_pcb_folds.csv,6fd011da63133ce0135df8ae336b42bd81d65db1586e77b2db3fb61a9914842e,eba6ed76402848249d5dc988e819c9ab5f87eb998f431de247f1cad2899b8ee1,657028b1ee5015d946a8f3316d87ca0e5b5ea4d7862d8822d82336e0de04335a
dinov2_single_sam2__pcb2__fold0__k2__seed4884,dinov2_single_sam2,pcb2,2,4884,binary_model_output,,,,,,0.2893245748722014,0.186302838724213,0.20976204846437574,0.6025039940728347,ff4c07208278376b27a4954d560c715f51453c5e,False,data/manifests/visa_pcb_folds.csv,6fd011da63133ce0135df8ae336b42bd81d65db1586e77b2db3fb61a9914842e,197b4308320a28383b946f7b1789976c9379b9c28f413b29582ab1bdb0ea1d64,3c3f5f2c8d55968da0b3e74abe41bf58f373ce809b9bbb17f5e58d5d29acff14
dinov2_single_sam2__pcb2__fold0__k4__seed4880,dinov2_single_sam2,pcb2,4,4880,binary_model_output,,,,,,0.32434422156943943,0.21396195484627348,0.23637604035503273,0.6363085389081611,ff4c07208278376b27a4954d560c715f51453c5e,False,data/manifests/visa_pcb_folds.csv,6fd011da63133ce0135df8ae336b42bd81d65db1586e77b2db3fb61a9914842e,c0744464129b638e36aca7c1f490b526e0963b9c76f8a91668e19d5f1bfede56,7c3826f9618585ea969315549722fe93f9f1657baca4084f01e478dd8753355b
dinov2_single_sam2__pcb2__fold0__k4__seed4881,dinov2_single_sam2,pcb2,4,4881,binary_model_output,,,,,,0.3267165306841307,0.2117805729330352,0.23320106974224494,0.6644224959719673,ff4c07208278376b27a4954d560c715f51453c5e,False,data/manifests/visa_pcb_folds.csv,6fd011da63133ce0135df8ae336b42bd81d65db1586e77b2db3fb61a9914842e,65f2f2e964b5915ef90377ea1da6da6addeac27642093c6dd745fb8bf5b457ef,6f42f95f1d46834b87da6ede60f759e59a0d05e9d90a8a57578758ed8c936970
dinov2_single_sam2__pcb2__fold0__k4__seed4882,dinov2_single_sam2,pcb2,4,4882,binary_model_output,,,,,,0.30469609717090296,0.19716380775035858,0.215967334899556,0.6458673781271304,ff4c07208278376b27a4954d560c715f51453c5e,False,data/manifests/visa_pcb_folds.csv,6fd011da63133ce0135df8ae336b42bd81d65db1586e77b2db3fb61a9914842e,a8bacfaa26f6ef87bfe8439b95cf3f7c3566116014403c87992bb4c698931238,a3f655ab20e7e865bfa0c614662d4362065b18c97eef6afc9551ec7e58aade7d
dinov2_single_sam2__pcb2__fold0__k4__seed4883,dinov2_single_sam2,pcb2,4,4883,binary_model_output,,,,,,0.32352393766884097,0.21119019790633944,0.23523552445936008,0.6287207615958149,ff4c07208278376b27a4954d560c715f51453c5e,False,data/manifests/visa_pcb_folds.csv,6fd011da63133ce0135df8ae336b42bd81d65db1586e77b2db3fb61a9914842e,acc0429985142e2de38920fc6a519903a31f9bed46ac071086fe3b6910ffc58f,1874474f0ce8b7c297000c1e56c90ae6dcfc2b23b430a35a393a4c0ea099c34c
dinov2_single_sam2__pcb2__fold0__k4__seed4884,dinov2_single_sam2,pcb2,4,4884,binary_model_output,,,,,,0.3315031441391249,0.21741575312505595,0.23811370860498327,0.6611892603267482,ff4c07208278376b27a4954d560c715f51453c5e,False,data/manifests/visa_pcb_folds.csv,6fd011da63133ce0135df8ae336b42bd81d65db1586e77b2db3fb61a9914842e,e20724d505ca82ea96204708bf7651f64609c383309a70ffc9b0a76e95e03bc3,abec9eefcae4fc6bbae8f13d1f4e79712b13d3aca9b3b94e55f0037231814c3a
dinov2_single_sam2__pcb3__fold0__k1__seed4880,dinov2_single_sam2,pcb3,1,4880,binary_model_output,,,,,,0.18834737691101566,0.12408492636554352,0.1667608824367608,0.35629810005426504,ff4c07208278376b27a4954d560c715f51453c5e,False,data/manifests/visa_pcb_folds.csv,6fd011da63133ce0135df8ae336b42bd81d65db1586e77b2db3fb61a9914842e,5314a070ea68718b460b35acc5b906ea537c8783317c28590dd8b06369688ccd,99e90cc6d3873d03a4d94f95614a56029cb1171204490d2c0a2c71f9c7f22e8f
dinov2_single_sam2__pcb3__fold0__k1__seed4881,dinov2_single_sam2,pcb3,1,4881,binary_model_output,,,,,,0.17375239289807706,0.11131914982326933,0.13860267927503406,0.354549061826559,ff4c07208278376b27a4954d560c715f51453c5e,False,data/manifests/visa_pcb_folds.csv,6fd011da63133ce0135df8ae336b42bd81d65db1586e77b2db3fb61a9914842e,36ab143b5fa634a749e11b5f636c19fb4a59e8364a65c68f72450e88cdf472ac,a7be60cb559e06a9b8d79595258424965bbdb1b0f67ea9d09aa4b3795cded9ea
dinov2_single_sam2__pcb3__fold0__k1__seed4882,dinov2_single_sam2,pcb3,1,4882,binary_model_output,,,,,,0.16151726459019805,0.10339102640672956,0.1273091510582086,0.36149999118565646,ff4c07208278376b27a4954d560c715f51453c5e,False,data/manifests/visa_pcb_folds.csv,6fd011da63133ce0135df8ae336b42bd81d65db1586e77b2db3fb61a9914842e,29b6c83072da3d9826f40d5beaf2cf290108cf25ff8671b0f7f3677c7f26a6f5,6f14c5f90d54a8320e7d93157a6a108d250061dbd12d89a014b3bdfe59a1caac
dinov2_single_sam2__pcb3__fold0__k1__seed4883,dinov2_single_sam2,pcb3,1,4883,binary_model_output,,,,,,0.1769870512252321,0.1128290690596581,0.15068827056031625,0.3458151770043849,ff4c07208278376b27a4954d560c715f51453c5e,False,data/manifests/visa_pcb_folds.csv,6fd011da63133ce0135df8ae336b42bd81d65db1586e77b2db3fb61a9914842e,74251991d3ded195adac6b04324a7876c6b9aa2e5bd001388cee69914b5b4efc,137b4acafd04522ca7b8217c71aa0d44523606e51c58d3c2bce5e2ae61fc6b91
dinov2_single_sam2__pcb3__fold0__k1__seed4884,dinov2_single_sam2,pcb3,1,4884,binary_model_output,,,,,,0.22350561221083326,0.14721083927043277,0.18495076816079417,0.4266991038808552,ff4c07208278376b27a4954d560c715f51453c5e,False,data/manifests/visa_pcb_folds.csv,6fd011da63133ce0135df8ae336b42bd81d65db1586e77b2db3fb61a9914842e,358eef00732a4060859d1ef52ecfe2b2fae86ec70a15f413f121917146674ae5,a0db78e2145ce067f0813a0b09da661b7f10fc42ea57d25d69c5efb18695c433
dinov2_single_sam2__pcb3__fold0__k2__seed4880,dinov2_single_sam2,pcb3,2,4880,binary_model_output,,,,,,0.21388074018174094,0.1360301684793141,0.1720387038994484,0.4575625578210032,ff4c07208278376b27a4954d560c715f51453c5e,False,data/manifests/visa_pcb_folds.csv,6fd011da63133ce0135df8ae336b42bd81d65db1586e77b2db3fb61a9914842e,7e0043b3378fef1e2d8c10418e3ebb6888936f149808f3cbee300e34ffccdd15,cbff17e40bd087f18fc955eb475508398811f0e1a42cb47eb809beb88a0325d3
dinov2_single_sam2__pcb3__fold0__k2__seed4881,dinov2_single_sam2,pcb3,2,4881,binary_model_output,,,,,,0.17898718651746873,0.11432617593715996,0.1646621240760269,0.37465417533372636,ff4c07208278376b27a4954d560c715f51453c5e,False,data/manifests/visa_pcb_folds.csv,6fd011da63133ce0135df8ae336b42bd81d65db1586e77b2db3fb61a9914842e,03143fceeb69b818838e013f2487d0a693c8abdac5089e98f1907da778f4122b,9a5e134f2691e9e09482ad39f665aff5a0aa4105c86bad29b0ca71b9b25ff153
dinov2_single_sam2__pcb3__fold0__k2__seed4882,dinov2_single_sam2,pcb3,2,4882,binary_model_output,,,,,,0.22880178439402965,0.14678972037175478,0.17753402529392212,0.48403672810024245,ff4c07208278376b27a4954d560c715f51453c5e,False,data/manifests/visa_pcb_folds.csv,6fd011da63133ce0135df8ae336b42bd81d65db1586e77b2db3fb61a9914842e,651e689feca10c79e1ff5b4603613dc4a7745aad491e6971af5e219e6a97fa84,73e236fb6efa1cd2d9286a3c65c0b6fc70b92c423bf886fa617f5a0a7931fc4c
dinov2_single_sam2__pcb3__fold0__k2__seed4883,dinov2_single_sam2,pcb3,2,4883,binary_model_output,,,,,,0.19586718697420355,0.12787651305231207,0.15716970275429065,0.4118300555811379,ff4c07208278376b27a4954d560c715f51453c5e,False,data/manifests/visa_pcb_folds.csv,6fd011da63133ce0135df8ae336b42bd81d65db1586e77b2db3fb61a9914842e,c0c9e2b679dabffbb00f8b5130af7773b7e033e8f5c0888332764176c83b6706,f7b1a6c33037475cf208f33e80f55065cc40920c768e1342db236284689d2fd7
dinov2_single_sam2__pcb3__fold0__k2__seed4884,dinov2_single_sam2,pcb3,2,4884,binary_model_output,,,,,,0.23455055328114036,0.14993415372234356,0.18732936174797654,0.48578171205602616,ff4c07208278376b27a4954d560c715f51453c5e,False,data/manifests/visa_pcb_folds.csv,6fd011da63133ce0135df8ae336b42bd81d65db1586e77b2db3fb61a9914842e,329898ed6c988a9eb878d1e362a5863155be2b700dc42cb2f9456370bf7363dd,b39974a36173d945d01404fc7e95db3eb9db347df9fb03d494dd1a3c66ffda6b
dinov2_single_sam2__pcb3__fold0__k4__seed4880,dinov2_single_sam2,pcb3,4,4880,binary_model_output,,,,,,0.252515687758495,0.16657033460592632,0.20623145153085723,0.5159486701869537,ff4c07208278376b27a4954d560c715f51453c5e,False,data/manifests/visa_pcb_folds.csv,6fd011da63133ce0135df8ae336b42bd81d65db1586e77b2db3fb61a9914842e,87011bee0b46f00b7213a48c13542de256a76fbebf013b4295e6f41e1512fae8,5e750b1d657838fcaab32e6e3e89cffb68d6fbeee806d0c712c786a8cd1280f3
dinov2_single_sam2__pcb3__fold0__k4__seed4881,dinov2_single_sam2,pcb3,4,4881,binary_model_output,,,,,,0.2253568586992315,0.14401496886702284,0.18315678242334582,0.4654988972221672,ff4c07208278376b27a4954d560c715f51453c5e,False,data/manifests/visa_pcb_folds.csv,6fd011da63133ce0135df8ae336b42bd81d65db1586e77b2db3fb61a9914842e,bf409cd856775dd6c89c75fbf507ee174dee114c3a891b6dd808da8b1ddce077,fdcefe55ea9d5a879dccfa13984698c7c71dab24e6bf5d832753744bf085b690
dinov2_single_sam2__pcb3__fold0__k4__seed4882,dinov2_single_sam2,pcb3,4,4882,binary_model_output,,,,,,0.22561938965180292,0.1408917755171284,0.15902998739570715,0.5592201152159362,ff4c07208278376b27a4954d560c715f51453c5e,False,data/manifests/visa_pcb_folds.csv,6fd011da63133ce0135df8ae336b42bd81d65db1586e77b2db3fb61a9914842e,e15a6c4181a54da4c5cdece8cf4759394004294473ebe76411bbb3f8c3abcba7,7f0f86a1feeb011b52b52b5ab9dc94fc04991ec34d655f90ba22fddc41097f49
dinov2_single_sam2__pcb3__fold0__k4__seed4883,dinov2_single_sam2,pcb3,4,4883,binary_model_output,,,,,,0.2388055706218624,0.15325531792563585,0.18922511415949003,0.5119331830460984,ff4c07208278376b27a4954d560c715f51453c5e,False,data/manifests/visa_pcb_folds.csv,6fd011da63133ce0135df8ae336b42bd81d65db1586e77b2db3fb61a9914842e,9a9b26b8b414ac64ba4c66ec60d0558ab85efa1f09dc5cea059843043874514a,2eb3b8011e8a0124c50488be1ab92c08a1ac9ca389a95bf02363b619f17ed9e3
dinov2_single_sam2__pcb3__fold0__k4__seed4884,dinov2_single_sam2,pcb3,4,4884,binary_model_output,,,,,,0.24672073599229172,0.16013376720597447,0.19006813796304894,0.5241747597800059,ff4c07208278376b27a4954d560c715f51453c5e,False,data/manifests/visa_pcb_folds.csv,6fd011da63133ce0135df8ae336b42bd81d65db1586e77b2db3fb61a9914842e,3444841f822e17d4713d10f6c8db2022dd4293776637e776fbd351bb7290af35,36ed950391c13dbdd0ba535fd2e7a98a248f7f133cc37efa60ebff67b6f72329
dinov2_single_sam2__pcb4__fold0__k1__seed4880,dinov2_single_sam2,pcb4,1,4880,binary_model_output,,,,,,0.23104435944731574,0.14941003750727042,0.27836845240432717,0.267258599999946,ff4c07208278376b27a4954d560c715f51453c5e,False,data/manifests/visa_pcb_folds.csv,6fd011da63133ce0135df8ae336b42bd81d65db1586e77b2db3fb61a9914842e,f1aa93f755c9a9c9bc4e29b6f22895219e342b3e95b9302a3125dc2c30d2c5c0,b2be254096e5630d1187503c2398b1bcdc6d54cb756de9e3a26afc6a232a4514
dinov2_single_sam2__pcb4__fold0__k1__seed4881,dinov2_single_sam2,pcb4,1,4881,binary_model_output,,,,,,0.2930189562013393,0.18722673910783175,0.2661207795055567,0.4383323418387131,ff4c07208278376b27a4954d560c715f51453c5e,False,data/manifests/visa_pcb_folds.csv,6fd011da63133ce0135df8ae336b42bd81d65db1586e77b2db3fb61a9914842e,d64abbe5cf9d4b44ab71eb37c8a295243c2c0de81288911681ea620df162c1e6,a608d57dc347da542c701f6a61661108b2cbe65019fbb88649945575c04c24b7
dinov2_single_sam2__pcb4__fold0__k1__seed4882,dinov2_single_sam2,pcb4,1,4882,binary_model_output,,,,,,0.272379674863038,0.17378178644964193,0.2814814237379969,0.35767290152117936,ff4c07208278376b27a4954d560c715f51453c5e,False,data/manifests/visa_pcb_folds.csv,6fd011da63133ce0135df8ae336b42bd81d65db1586e77b2db3fb61a9914842e,13fa36f2628209a0985f5742e7980f374447496492d5e982b5ba0079b3167805,ecdc82cd46d7e28b2e8d495d5e331f7606f6f5128f5c66d29913ed2148041a76
dinov2_single_sam2__pcb4__fold0__k1__seed4883,dinov2_single_sam2,pcb4,1,4883,binary_model_output,,,,,,0.29278661950826496,0.19109242689401956,0.29454951803548496,0.3886737047725111,ff4c07208278376b27a4954d560c715f51453c5e,False,data/manifests/visa_pcb_folds.csv,6fd011da63133ce0135df8ae336b42bd81d65db1586e77b2db3fb61a9914842e,1a612866b110347934f59ee853eb01098428e54cd5f710d9b2a40b53ed42ca3a,35460ab1d3a6fb3cb9b56ba0da81c20973cb1ef6c90e3c5faef9149060df1d61
dinov2_single_sam2__pcb4__fold0__k1__seed4884,dinov2_single_sam2,pcb4,1,4884,binary_model_output,,,,,,0.2644578215128178,0.16899374540115775,0.26862367617704797,0.3464847554570657,ff4c07208278376b27a4954d560c715f51453c5e,False,data/manifests/visa_pcb_folds.csv,6fd011da63133ce0135df8ae336b42bd81d65db1586e77b2db3fb61a9914842e,19d90ca6465e6568696b83d691edccdb9434ffb3982761a034a1955b3b23109d,10d0a8dee57ccd2e1a279984177031edf76693f92cdd45d4ae67411a3236d162
dinov2_single_sam2__pcb4__fold0__k2__seed4880,dinov2_single_sam2,pcb4,2,4880,binary_model_output,,,,,,0.30711605359699645,0.19879634040235974,0.3153128835865359,0.4059905334650107,ff4c07208278376b27a4954d560c715f51453c5e,False,data/manifests/visa_pcb_folds.csv,6fd011da63133ce0135df8ae336b42bd81d65db1586e77b2db3fb61a9914842e,3d5126c7f25a16a3300e011912f6bf4beae49bd87a93f864c4016240ce365ea6,17e4ea9660e707451783610dd8ff2ea674c2f366233b70fe50c95d23318ba6ec
dinov2_single_sam2__pcb4__fold0__k2__seed4881,dinov2_single_sam2,pcb4,2,4881,binary_model_output,,,,,,0.29101824267102144,0.1853021519407924,0.25234593444056697,0.456831233343264,ff4c07208278376b27a4954d560c715f51453c5e,False,data/manifests/visa_pcb_folds.csv,6fd011da63133ce0135df8ae336b42bd81d65db1586e77b2db3fb61a9914842e,e4c11e8c16f289a0764f8a239f9326c27122c10c5d8cb5bc9fd2d481c2fdac8a,6257fd9ca928da00108ca36faacbdaea8ba8231506e31f7d19eba8c94876d053
dinov2_single_sam2__pcb4__fold0__k2__seed4882,dinov2_single_sam2,pcb4,2,4882,binary_model_output,,,,,,0.3049970872694174,0.1963282334765832,0.26505727117138916,0.4732144704846308,ff4c07208278376b27a4954d560c715f51453c5e,False,data/manifests/visa_pcb_folds.csv,6fd011da63133ce0135df8ae336b42bd81d65db1586e77b2db3fb61a9914842e,731291a192f4935cfe58a0d1339e182c147f7a56057ef8415d48521e0fb99254,f806d3fab82d5eaa53fee3a2d1b601cb2f4be93d9ecf41178bd99a0ee658596d
dinov2_single_sam2__pcb4__fold0__k2__seed4883,dinov2_single_sam2,pcb4,2,4883,binary_model_output,,,,,,0.28996346531097505,0.18605268414793705,0.2844303549876556,0.3916242000395121,ff4c07208278376b27a4954d560c715f51453c5e,False,data/manifests/visa_pcb_folds.csv,6fd011da63133ce0135df8ae336b42bd81d65db1586e77b2db3fb61a9914842e,81dc7f75fcbf3163b9a21c95d5cb6d63181af527261fb7771d2b77b4870f1e78,dbd694608cfacd991136a3af735447fa8c8e9037f683f03d555905908ee2d18c
dinov2_single_sam2__pcb4__fold0__k2__seed4884,dinov2_single_sam2,pcb4,2,4884,binary_model_output,,,,,,0.2828229670543098,0.1813393506566741,0.26821419378222566,0.4034486031438575,ff4c07208278376b27a4954d560c715f51453c5e,False,data/manifests/visa_pcb_folds.csv,6fd011da63133ce0135df8ae336b42bd81d65db1586e77b2db3fb61a9914842e,81f0c0a3eff524f17b93e30b2191c1001aabcc343e0edbba4d0757c3a0f7fa56,7d4c0041e93c3c775dd58bf4c57c7718e42988c8f37feeae2dff8b53bde755a7
dinov2_single_sam2__pcb4__fold0__k4__seed4880,dinov2_single_sam2,pcb4,4,4880,binary_model_output,,,,,,0.33394285421239833,0.22022505970110332,0.33245938907736267,0.4394886354672893,ff4c07208278376b27a4954d560c715f51453c5e,False,data/manifests/visa_pcb_folds.csv,6fd011da63133ce0135df8ae336b42bd81d65db1586e77b2db3fb61a9914842e,ea7403a27ce8b69d51fe28dc3e5c40820dd55f9e6dc23900bc40752963201d8e,34760ff57a4c4a0036432901661d51d8c7d331923af3ac6d02a65d41c16f97e7
dinov2_single_sam2__pcb4__fold0__k4__seed4881,dinov2_single_sam2,pcb4,4,4881,binary_model_output,,,,,,0.31138771936525356,0.20112545566877468,0.26204694238287635,0.5026279492281074,ff4c07208278376b27a4954d560c715f51453c5e,False,data/manifests/visa_pcb_folds.csv,6fd011da63133ce0135df8ae336b42bd81d65db1586e77b2db3fb61a9914842e,c7d4c6888ebb48fad0eb9e55ea4dea31b5af979d581a4fbd8c3b66fcead0bea2,3747120286a1f0aaced33b97e9e429f4d08f2157bc9ed3e8423aebf5f0918514
dinov2_single_sam2__pcb4__fold0__k4__seed4882,dinov2_single_sam2,pcb4,4,4882,binary_model_output,,,,,,0.32912344876783384,0.21281085765597685,0.28059708097815894,0.5212862772553228,ff4c07208278376b27a4954d560c715f51453c5e,False,data/manifests/visa_pcb_folds.csv,6fd011da63133ce0135df8ae336b42bd81d65db1586e77b2db3fb61a9914842e,e2ed836b5d0bfc809a058d243b76bbea772ce9cd7d55b83e4893af0d0559020b,731afc57610efcf8c8cfe1e3f66e06226e08579b8a40be3dab69885a76ce3667
dinov2_single_sam2__pcb4__fold0__k4__seed4883,dinov2_single_sam2,pcb4,4,4883,binary_model_output,,,,,,0.31540596843599594,0.2032470948448496,0.25100404899329176,0.5465134504952929,ff4c07208278376b27a4954d560c715f51453c5e,False,data/manifests/visa_pcb_folds.csv,6fd011da63133ce0135df8ae336b42bd81d65db1586e77b2db3fb61a9914842e,a5cfb90f7be54dc8566e6bbec5e486acd0c28fb491967340eeb82bd2556fec67,6ebedfdfd930623c2763d5c1d34b018b93f947b3e428eea62ba97d782d65520a
dinov2_single_sam2__pcb4__fold0__k4__seed4884,dinov2_single_sam2,pcb4,4,4884,binary_model_output,,,,,,0.3165008757852257,0.20357862329882448,0.2629519534022392,0.5205692552574744,ff4c07208278376b27a4954d560c715f51453c5e,False,data/manifests/visa_pcb_folds.csv,6fd011da63133ce0135df8ae336b42bd81d65db1586e77b2db3fb61a9914842e,985977bb036e8b33c20e97b8d2d654204a71b5cd486aca5ed68510fe8c7b6d8f,f6f8dca72a8fe0f1b1943ec2e3ba8f2b36004250302757db7f2b294b4bf984c3
dinov2_multi_sam2__pcb1__fold0__k1__seed4880,dinov2_multi_sam2,pcb1,1,4880,binary_model_output,,,,,,0.2780921982500976,0.18539653610787432,0.20303046046728643,0.722622688666598,ff4c07208278376b27a4954d560c715f51453c5e,False,data/manifests/visa_pcb_folds.csv,6fd011da63133ce0135df8ae336b42bd81d65db1586e77b2db3fb61a9914842e,c176b1564ff40e3ddd16ffe5fda04efdb7f3379fda0cd82719d34ef68b0476c3,0c6c595979608ce2283c41af61cae7e81f1df58a92da0612a429a4b75b871543
dinov2_multi_sam2__pcb1__fold0__k1__seed4881,dinov2_multi_sam2,pcb1,1,4881,binary_model_output,,,,,,0.25923544559584116,0.16966560469697164,0.18456217639032452,0.7723203722579822,ff4c07208278376b27a4954d560c715f51453c5e,False,data/manifests/visa_pcb_folds.csv,6fd011da63133ce0135df8ae336b42bd81d65db1586e77b2db3fb61a9914842e,4e3ce28bbb918f831736dccb9c0ae8e807abc32dbbb542b493a56b4bf9f337e2,e1dbf31db8e82c5a5eb90662722780b4ac88432e06707b76c9ff093869b20af0
dinov2_multi_sam2__pcb1__fold0__k1__seed4882,dinov2_multi_sam2,pcb1,1,4882,binary_model_output,,,,,,0.3011264093394832,0.2015409033852954,0.21710977729847822,0.7664784488102242,ff4c07208278376b27a4954d560c715f51453c5e,False,data/manifests/visa_pcb_folds.csv,6fd011da63133ce0135df8ae336b42bd81d65db1586e77b2db3fb61a9914842e,eb36ea7fa1d9f1d638ff190e0935240e13f1e700889211061d5528f1205c52ad,35d9dc4960970949a42ec3dc14fa3fc6ad12a54dd11dc89c0fb859845b6dba50
dinov2_multi_sam2__pcb1__fold0__k1__seed4883,dinov2_multi_sam2,pcb1,1,4883,binary_model_output,,,,,,0.3043154069582641,0.20394364214470662,0.2228155350074051,0.7497801347283211,ff4c07208278376b27a4954d560c715f51453c5e,False,data/manifests/visa_pcb_folds.csv,6fd011da63133ce0135df8ae336b42bd81d65db1586e77b2db3fb61a9914842e,c128f88fb16a0746cfa2cdd31cf8a469c51ea1ce8a4013a5e59b4b33c60a2612,ac905d4d05f7e144d1d074ef439846cb537fedf0a3b941e74abf805a6b5bcb67
dinov2_multi_sam2__pcb1__fold0__k1__seed4884,dinov2_multi_sam2,pcb1,1,4884,binary_model_output,,,,,,0.29864116294596466,0.19873236260095176,0.21353928108914164,0.7863007186368993,ff4c07208278376b27a4954d560c715f51453c5e,False,data/manifests/visa_pcb_folds.csv,6fd011da63133ce0135df8ae336b42bd81d65db1586e77b2db3fb61a9914842e,4584976d898587faf8a91d97170ee8603dd8d0f7d1972cac94f34fedb8d97010,997f4b219e827d93226600b9c8b5a6bf5e5e1843525b822efb55901b61426c5c
dinov2_multi_sam2__pcb1__fold0__k2__seed4880,dinov2_multi_sam2,pcb1,2,4880,binary_model_output,,,,,,0.3594117503456464,0.2565262986727462,0.29735358577306786,0.5904032279657979,ff4c07208278376b27a4954d560c715f51453c5e,False,data/manifests/visa_pcb_folds.csv,6fd011da63133ce0135df8ae336b42bd81d65db1586e77b2db3fb61a9914842e,2d2b029cd1e5ea90233a41abd95ad5938cddc26100c69ce4da8782ec016d047b,f6ce7827444b769f92cc445a17a74034178dccddc9d1d4e06029dd4c28f58219
dinov2_multi_sam2__pcb1__fold0__k2__seed4881,dinov2_multi_sam2,pcb1,2,4881,binary_model_output,,,,,,0.2587987678443987,0.1665508761248461,0.1817978426474387,0.7920194819317544,ff4c07208278376b27a4954d560c715f51453c5e,False,data/manifests/visa_pcb_folds.csv,6fd011da63133ce0135df8ae336b42bd81d65db1586e77b2db3fb61a9914842e,1c2374b3ad0e097f47ce48bf55f29479f4c685b1dd6bb20203a5350146c640c8,c021712c1466e5c1be6a72f39f7ef2460a711c2afb27438122faa8a2266a2885
dinov2_multi_sam2__pcb1__fold0__k2__seed4882,dinov2_multi_sam2,pcb1,2,4882,binary_model_output,,,,,,0.28529706909304886,0.187392689372708,0.20334633702071409,0.7590261229298864,ff4c07208278376b27a4954d560c715f51453c5e,False,data/manifests/visa_pcb_folds.csv,6fd011da63133ce0135df8ae336b42bd81d65db1586e77b2db3fb61a9914842e,87ce52730d67f9db3d2876d80b4ee1a44cee85f1abf822487b3930b4d42c0652,a86bcda829863c41875dee77b4151548cd5059c507a0aca36eedd9693b2aa83d
dinov2_multi_sam2__pcb1__fold0__k2__seed4883,dinov2_multi_sam2,pcb1,2,4883,binary_model_output,,,,,,0.2805333357715397,0.1859348926562741,0.2018880570990903,0.7773781945896991,ff4c07208278376b27a4954d560c715f51453c5e,False,data/manifests/visa_pcb_folds.csv,6fd011da63133ce0135df8ae336b42bd81d65db1586e77b2db3fb61a9914842e,9c42c9840b53097c0bbebd2296526b878ed6cba7e0ffe91196f3ac5c6da0fd90,89adf2d296b6ad480922296098ebb305248d7388f34b61216d6beff44e1a95af
dinov2_multi_sam2__pcb1__fold0__k2__seed4884,dinov2_multi_sam2,pcb1,2,4884,binary_model_output,,,,,,0.2968399871167355,0.19842934371827603,0.21022146836532266,0.7900957384029492,ff4c07208278376b27a4954d560c715f51453c5e,False,data/manifests/visa_pcb_folds.csv,6fd011da63133ce0135df8ae336b42bd81d65db1586e77b2db3fb61a9914842e,feff8efbf4a7bdfdaf3c78c2244e2cd64d4b71dfceae1288b1a79cc2b7664491,f6d4e614a3ae2ab3a46839952f8f142a5d91ac85fd8cd682def8ab0375709191
dinov2_multi_sam2__pcb1__fold0__k4__seed4880,dinov2_multi_sam2,pcb1,4,4880,binary_model_output,,,,,,0.36356844887027656,0.25371836834079997,0.2912573736512857,0.6395595078621941,ff4c07208278376b27a4954d560c715f51453c5e,False,data/manifests/visa_pcb_folds.csv,6fd011da63133ce0135df8ae336b42bd81d65db1586e77b2db3fb61a9914842e,f0d066aab79a1e8713662e32eceeab962631739610973dc3c751741d1bf1da18,716db203a82128af4ffe168230cf0d0007fdf4d820bccd9cfc3cf83b4fa1e6c9
dinov2_multi_sam2__pcb1__fold0__k4__seed4881,dinov2_multi_sam2,pcb1,4,4881,binary_model_output,,,,,,0.24736918622663326,0.16060363792449103,0.17603488066976716,0.7847750485777282,ff4c07208278376b27a4954d560c715f51453c5e,False,data/manifests/visa_pcb_folds.csv,6fd011da63133ce0135df8ae336b42bd81d65db1586e77b2db3fb61a9914842e,da3cc283e18eca60ef85088e23fa7ce262b75513fe30a0df6ea4518391a9b1b1,7c46eb49e833d85b5faaa50369549b4b454abcc05a118a838998cc5bd6ddf65f
dinov2_multi_sam2__pcb1__fold0__k4__seed4882,dinov2_multi_sam2,pcb1,4,4882,binary_model_output,,,,,,0.3689960819850034,0.25752623239790856,0.2817766547368834,0.7041784198950677,ff4c07208278376b27a4954d560c715f51453c5e,False,data/manifests/visa_pcb_folds.csv,6fd011da63133ce0135df8ae336b42bd81d65db1586e77b2db3fb61a9914842e,8e1450ac1f5ac7f49413a8e41b2cb3afcb1511915a5a0ca108c70fa553f5f47b,b51c9976a51492573b48e54d1ae0c2e90b668da93c43a5c58993e8c8330db283
dinov2_multi_sam2__pcb1__fold0__k4__seed4883,dinov2_multi_sam2,pcb1,4,4883,binary_model_output,,,,,,0.3031704063334442,0.20218568927149425,0.2236928604950673,0.6886344794565289,ff4c07208278376b27a4954d560c715f51453c5e,False,data/manifests/visa_pcb_folds.csv,6fd011da63133ce0135df8ae336b42bd81d65db1586e77b2db3fb61a9914842e,7ef999a0d4d54828fb5175438233e5c4fd82990885af4f449f56bf655703f63c,94fc12bea5987d9567faa5c7b10e4969639625f0bfdcf782d0f222a24922f7c8
dinov2_multi_sam2__pcb1__fold0__k4__seed4884,dinov2_multi_sam2,pcb1,4,4884,binary_model_output,,,,,,0.2779939085784942,0.18157568246531855,0.19471985520102997,0.8216388256877043,ff4c07208278376b27a4954d560c715f51453c5e,False,data/manifests/visa_pcb_folds.csv,6fd011da63133ce0135df8ae336b42bd81d65db1586e77b2db3fb61a9914842e,f39cc4a0f1b9d232019c910873367cb2b888050fc7c281cf2ee970aece81f0f0,c74d36ebfd82da657c474f1da7a88bcabdc3235b7dc112d9ebe6216bb38c846b
dinov2_multi_sam2__pcb2__fold0__k1__seed4880,dinov2_multi_sam2,pcb2,1,4880,binary_model_output,,,,,,0.19050179091407152,0.12661229185679918,0.14446780814358268,0.3454237243954454,ff4c07208278376b27a4954d560c715f51453c5e,False,data/manifests/visa_pcb_folds.csv,6fd011da63133ce0135df8ae336b42bd81d65db1586e77b2db3fb61a9914842e,5f3572bcebb67e533d360314a225780cfe23c1793f74f5e5d276388dff9513b1,2c80f289ce2ad98968fd62dad1a862bd6b8e93169b7be6c9c52d25d750c4878d
dinov2_multi_sam2__pcb2__fold0__k1__seed4881,dinov2_multi_sam2,pcb2,1,4881,binary_model_output,,,,,,0.18752946259062545,0.12237864326322244,0.14173897396305354,0.3727560959291872,ff4c07208278376b27a4954d560c715f51453c5e,False,data/manifests/visa_pcb_folds.csv,6fd011da63133ce0135df8ae336b42bd81d65db1586e77b2db3fb61a9914842e,626c67f6b2c06ab794ffc3b2e1cdd88a538e524ee7b83e184357fe84cc332b82,bfdb92c006dbde6516b4949d496378fe9bd6fb70e0e8ef541f1f53deb3263f08
dinov2_multi_sam2__pcb2__fold0__k1__seed4882,dinov2_multi_sam2,pcb2,1,4882,binary_model_output,,,,,,0.2679443184913229,0.17869315848550676,0.20435929126928765,0.46367176919023634,ff4c07208278376b27a4954d560c715f51453c5e,False,data/manifests/visa_pcb_folds.csv,6fd011da63133ce0135df8ae336b42bd81d65db1586e77b2db3fb61a9914842e,054dee5cbab579daf1672641226de32614e3b297180eb4e9d7e51d2561a6e423,7186b382e1057ec26bc36cf82622808aed422d9bf8bd447f40888e53575a0e84
dinov2_multi_sam2__pcb2__fold0__k1__seed4883,dinov2_multi_sam2,pcb2,1,4883,binary_model_output,,,,,,0.23866999636897146,0.1604037997219935,0.1881909996210671,0.40576461523030743,ff4c07208278376b27a4954d560c715f51453c5e,False,data/manifests/visa_pcb_folds.csv,6fd011da63133ce0135df8ae336b42bd81d65db1586e77b2db3fb61a9914842e,2ac167d15ec4022ccea78e797d22f864062d248ba6669b65b9619d1e75afcb6c,e92a967f09a01959c584f66aeb390827d8d0f8322cbca27800b94b8d6f43a48d
dinov2_multi_sam2__pcb2__fold0__k1__seed4884,dinov2_multi_sam2,pcb2,1,4884,binary_model_output,,,,,,0.3233107873583836,0.21810627835862262,0.24171218622491583,0.5647367782919334,ff4c07208278376b27a4954d560c715f51453c5e,False,data/manifests/visa_pcb_folds.csv,6fd011da63133ce0135df8ae336b42bd81d65db1586e77b2db3fb61a9914842e,6cbaeaee4581f65d7d8c876b43143c660c7016262709dcd53daaf5fde591eae4,e378d13cc9f00adf9239b3b34fcf30c348b8dd798b232b046fe98eb87bdb9afa
dinov2_multi_sam2__pcb2__fold0__k2__seed4880,dinov2_multi_sam2,pcb2,2,4880,binary_model_output,,,,,,0.3109686859659121,0.20932313824870394,0.24390186067737654,0.5312082663591173,ff4c07208278376b27a4954d560c715f51453c5e,False,data/manifests/visa_pcb_folds.csv,6fd011da63133ce0135df8ae336b42bd81d65db1586e77b2db3fb61a9914842e,241fdd981f9223b060de1b482164f0bf287b1c1a7cd2086ea72816f6eaaa2954,c5c52b1e953a457e8203e5184199897741abdbe3892ce360f2285b926c883f99
dinov2_multi_sam2__pcb2__fold0__k2__seed4881,dinov2_multi_sam2,pcb2,2,4881,binary_model_output,,,,,,0.3121575153824215,0.21118951082436052,0.23013530272516544,0.5598766718906198,ff4c07208278376b27a4954d560c715f51453c5e,False,data/manifests/visa_pcb_folds.csv,6fd011da63133ce0135df8ae336b42bd81d65db1586e77b2db3fb61a9914842e,11462131678ba9994abd480addab6d95de8a633a4e3519fed83f2d08dc967f9f,f810857a9fcf330cdbd75160a4bb438b24bf91b7b05b7f6e046eadf042d01b6b
dinov2_multi_sam2__pcb2__fold0__k2__seed4882,dinov2_multi_sam2,pcb2,2,4882,binary_model_output,,,,,,0.2893313137380236,0.19323165750798246,0.21410574152102488,0.5178661154352969,ff4c07208278376b27a4954d560c715f51453c5e,False,data/manifests/visa_pcb_folds.csv,6fd011da63133ce0135df8ae336b42bd81d65db1586e77b2db3fb61a9914842e,781cd4ef76efa181cd862779255b081c7e79e4b2d2191e85a59f0ab83e903caa,00ecc1a589ec0bac857a41c58725bd9fac21c5906acc24f57b08e7c1248acb97
dinov2_multi_sam2__pcb2__fold0__k2__seed4883,dinov2_multi_sam2,pcb2,2,4883,binary_model_output,,,,,,0.31652157031255196,0.214677031948669,0.24016584550808381,0.5396193176230369,ff4c07208278376b27a4954d560c715f51453c5e,False,data/manifests/visa_pcb_folds.csv,6fd011da63133ce0135df8ae336b42bd81d65db1586e77b2db3fb61a9914842e,64f4f6d8b23a6843df1bb2630f1343b1354d0cc9dab2836076e3513fd96ce4a9,8567069347cf7e159c79f538d4830aed75dabfcc840ffa22407d3663c8c0f6ae
dinov2_multi_sam2__pcb2__fold0__k2__seed4884,dinov2_multi_sam2,pcb2,2,4884,binary_model_output,,,,,,0.3052845268915314,0.2055763078562207,0.2306335966969879,0.5451722120200074,ff4c07208278376b27a4954d560c715f51453c5e,False,data/manifests/visa_pcb_folds.csv,6fd011da63133ce0135df8ae336b42bd81d65db1586e77b2db3fb61a9914842e,061f10e3994bcb157f76f98eaa555dbe3e8f17f29fa99244e954c0ba8fb257a8,9b8a2f13f0a63c9c27f61a024e52cedcc8c0d9fab6c6cc70baaf48d34d0aee3c
dinov2_multi_sam2__pcb2__fold0__k4__seed4880,dinov2_multi_sam2,pcb2,4,4880,binary_model_output,,,,,,0.33661078102485503,0.226947864900154,0.25038920164679435,0.5958935551424127,ff4c07208278376b27a4954d560c715f51453c5e,False,data/manifests/visa_pcb_folds.csv,6fd011da63133ce0135df8ae336b42bd81d65db1586e77b2db3fb61a9914842e,5b233dd3f3b392411cd776aa4576b9ed47b2059222e9ae52a953ed2899c8f5a5,74df45fc9839045f3f6cb025f0014cf4dba9436fb6f7544faf050ca49bdc6cf9
dinov2_multi_sam2__pcb2__fold0__k4__seed4881,dinov2_multi_sam2,pcb2,4,4881,binary_model_output,,,,,,0.33472944383697617,0.22676212208471758,0.24805938760917573,0.5899743785072414,ff4c07208278376b27a4954d560c715f51453c5e,False,data/manifests/visa_pcb_folds.csv,6fd011da63133ce0135df8ae336b42bd81d65db1586e77b2db3fb61a9914842e,51087a33c1e3b8a79c36dcbc0ea33962a45f7a788df4e34ecbf1650fc16a55e4,4c2f4049f00a76708ae62d31385632df8d0a419f53af681952df41ea3ac81103
dinov2_multi_sam2__pcb2__fold0__k4__seed4882,dinov2_multi_sam2,pcb2,4,4882,binary_model_output,,,,,,0.3024536361802163,0.20254698035613308,0.22506485228456558,0.5553497317050957,ff4c07208278376b27a4954d560c715f51453c5e,False,data/manifests/visa_pcb_folds.csv,6fd011da63133ce0135df8ae336b42bd81d65db1586e77b2db3fb61a9914842e,efce2569acd9938090ade8ad8aaaa9cfa09bdf165d81d4a695724b483c448bb2,f72ed666d683eb2d8b2a8c16aec612147c8d8d18233669c4d0e79c0d4a3e4e1e
dinov2_multi_sam2__pcb2__fold0__k4__seed4883,dinov2_multi_sam2,pcb2,4,4883,binary_model_output,,,,,,0.32834904248250724,0.22384252994658843,0.24705576310164926,0.5672871956662051,ff4c07208278376b27a4954d560c715f51453c5e,False,data/manifests/visa_pcb_folds.csv,6fd011da63133ce0135df8ae336b42bd81d65db1586e77b2db3fb61a9914842e,30599c87055e1953ee1104d8ae494dd09c6ed354e690ed55dfddb150b1fe6dda,6bad1e203143402f6689eb8e971c2698bd85e6a94c8e8abc8eaa676d452132d5
dinov2_multi_sam2__pcb2__fold0__k4__seed4884,dinov2_multi_sam2,pcb2,4,4884,binary_model_output,,,,,,0.33286875150189743,0.22399819997260356,0.2501337954363861,0.589298399808213,ff4c07208278376b27a4954d560c715f51453c5e,False,data/manifests/visa_pcb_folds.csv,6fd011da63133ce0135df8ae336b42bd81d65db1586e77b2db3fb61a9914842e,60e1fb5bef54ed0b1ba6f7baf223ee17a5a7ad48b28b94da6ae33f8067c1bc9a,e88aa077b6bec84fee193010f85e3ca1fbfc26da0119ddaa1590d62a6a30ff1e
dinov2_multi_sam2__pcb3__fold0__k1__seed4880,dinov2_multi_sam2,pcb3,1,4880,binary_model_output,,,,,,0.19861072022700416,0.1287106737420266,0.16490223250213096,0.353919324453268,ff4c07208278376b27a4954d560c715f51453c5e,False,data/manifests/visa_pcb_folds.csv,6fd011da63133ce0135df8ae336b42bd81d65db1586e77b2db3fb61a9914842e,fc49f3402f2ebc16b12a4493abd3327c5a94f69299fe85c8701d7b61b275c6eb,7fcb8d7cc73ccd4458d879cc5adae9b69fa6082444a86f4ee3419c01df149f72
dinov2_multi_sam2__pcb3__fold0__k1__seed4881,dinov2_multi_sam2,pcb3,1,4881,binary_model_output,,,,,,0.23186217805788556,0.15471276517826302,0.1951174149720801,0.39875028985359257,ff4c07208278376b27a4954d560c715f51453c5e,False,data/manifests/visa_pcb_folds.csv,6fd011da63133ce0135df8ae336b42bd81d65db1586e77b2db3fb61a9914842e,cfe19daaa67fedb27ca1ef589a63280fbcda523916e80d797bf4c0a94b530be3,9c121f89401f01fc3cd88082e66d5174ba584dddb22a37f11565c1086d30b30a
dinov2_multi_sam2__pcb3__fold0__k1__seed4882,dinov2_multi_sam2,pcb3,1,4882,binary_model_output,,,,,,0.25427911620378657,0.1728752375812601,0.21921812946221297,0.38309610919587406,ff4c07208278376b27a4954d560c715f51453c5e,False,data/manifests/visa_pcb_folds.csv,6fd011da63133ce0135df8ae336b42bd81d65db1586e77b2db3fb61a9914842e,ac6c00cffd701b8686964e501e53580f8a84d56a7333d737d3c55cdd6216668c,ebe3b218226fe5aeb03bc77ba3dcdd88a160057a15e5e41c02deca6d8000e613
dinov2_multi_sam2__pcb3__fold0__k1__seed4883,dinov2_multi_sam2,pcb3,1,4883,binary_model_output,,,,,,0.22237352152831347,0.14777815234741667,0.1830750969640448,0.3818984399522559,ff4c07208278376b27a4954d560c715f51453c5e,False,data/manifests/visa_pcb_folds.csv,6fd011da63133ce0135df8ae336b42bd81d65db1586e77b2db3fb61a9914842e,52b38e02eeb8267c6008e889abf4e965800f5652a28473893e186411e80cfe1a,e40be8d7c165f1dd5daa2d339a7b9e8f48ddc19a6ff9e37e37fc97afa2581511
dinov2_multi_sam2__pcb3__fold0__k1__seed4884,dinov2_multi_sam2,pcb3,1,4884,binary_model_output,,,,,,0.25934809394080405,0.17693057264203682,0.2142860070401268,0.40863729466745846,ff4c07208278376b27a4954d560c715f51453c5e,False,data/manifests/visa_pcb_folds.csv,6fd011da63133ce0135df8ae336b42bd81d65db1586e77b2db3fb61a9914842e,604f86bcfe619bbe02b8c34cb83849cda547de719202b51b507358f5dee45f9c,f5748a659d28632829fb5640455981ff0464537307821a04ce68ba2d72e2d72f
dinov2_multi_sam2__pcb3__fold0__k2__seed4880,dinov2_multi_sam2,pcb3,2,4880,binary_model_output,,,,,,0.25447927817388133,0.17035337446882834,0.2152458154632714,0.41297479442299406,ff4c07208278376b27a4954d560c715f51453c5e,False,data/manifests/visa_pcb_folds.csv,6fd011da63133ce0135df8ae336b42bd81d65db1586e77b2db3fb61a9914842e,bd02283a46c89487e928f2d1167c8a99c9a1c6bde7783497c6eb6e8a77d73eeb,a4ed54d7511438ba64a40ca0929d80eded5bc7e976b8c57c02ebf8b89af7ca25
dinov2_multi_sam2__pcb3__fold0__k2__seed4881,dinov2_multi_sam2,pcb3,2,4881,binary_model_output,,,,,,0.2768836160276237,0.18995724771176217,0.2395331270281747,0.44037938608040295,ff4c07208278376b27a4954d560c715f51453c5e,False,data/manifests/visa_pcb_folds.csv,6fd011da63133ce0135df8ae336b42bd81d65db1586e77b2db3fb61a9914842e,406c53b4d0ff05015766c326d9828948fee976504a7ab06ca13457eb7cbef322,1f12f4c55026c950c400e4ec3a56b657c5f44be5f43bb9cdf10705cf1274dbca
dinov2_multi_sam2__pcb3__fold0__k2__seed4882,dinov2_multi_sam2,pcb3,2,4882,binary_model_output,,,,,,0.28877205120126725,0.19586130737766488,0.2353693083994623,0.46787457559507645,ff4c07208278376b27a4954d560c715f51453c5e,False,data/manifests/visa_pcb_folds.csv,6fd011da63133ce0135df8ae336b42bd81d65db1586e77b2db3fb61a9914842e,1e31812c0e70a4b1c37abffe8658600149175a66c5bcad8074427833941868f4,7cd4164aa992662adca582c8430d591397a83c7903ee3dd399af272cc8154a3b
dinov2_multi_sam2__pcb3__fold0__k2__seed4883,dinov2_multi_sam2,pcb3,2,4883,binary_model_output,,,,,,0.2283414930612077,0.15491484972898925,0.19196090712841193,0.363141010177457,ff4c07208278376b27a4954d560c715f51453c5e,False,data/manifests/visa_pcb_folds.csv,6fd011da63133ce0135df8ae336b42bd81d65db1586e77b2db3fb61a9914842e,f886a6b332f0442e14de9995408cebbc71dbf30795c8337ccb1e115ff6a4a100,64d6bb9ab083d7140f6dabb72f43d4cf501f9127bb482fa4a75a5ad93b64780b
dinov2_multi_sam2__pcb3__fold0__k2__seed4884,dinov2_multi_sam2,pcb3,2,4884,binary_model_output,,,,,,0.24897193181098343,0.17130084071674598,0.2034958818508564,0.3898039154745822,ff4c07208278376b27a4954d560c715f51453c5e,False,data/manifests/visa_pcb_folds.csv,6fd011da63133ce0135df8ae336b42bd81d65db1586e77b2db3fb61a9914842e,1761e1ef0a0337c948caa82470af51926af4b0b48d8eefed2028f9928848c2f1,40ce37493d300de434eb56d37fdc475de2b7f93ccc9a4fff2220583a847928be
dinov2_multi_sam2__pcb3__fold0__k4__seed4880,dinov2_multi_sam2,pcb3,4,4880,binary_model_output,,,,,,0.27503152084112825,0.18829987267332096,0.22504206480526284,0.44476855896688966,ff4c07208278376b27a4954d560c715f51453c5e,False,data/manifests/visa_pcb_folds.csv,6fd011da63133ce0135df8ae336b42bd81d65db1586e77b2db3fb61a9914842e,83e5fe37c3e242a92d73601421a046899ff4a182440a8ef261e8d7dec70c9f71,f2b4e919e60ce9dd557c2f63dc332abad0a22a4d1e3a5f9babda92d61f3ab4dc
dinov2_multi_sam2__pcb3__fold0__k4__seed4881,dinov2_multi_sam2,pcb3,4,4881,binary_model_output,,,,,,0.29474382830261414,0.2025928631940643,0.24756283123047368,0.46751622743548255,ff4c07208278376b27a4954d560c715f51453c5e,False,data/manifests/visa_pcb_folds.csv,6fd011da63133ce0135df8ae336b42bd81d65db1586e77b2db3fb61a9914842e,f5eeb62d459e68a83383667ccf94042cd44b269d324ab138f0656c7c88653ccd,31fec84e97ca6e696dc733f41b30bf2689b8ed128dbccac6c6f355c10863f34c
dinov2_multi_sam2__pcb3__fold0__k4__seed4882,dinov2_multi_sam2,pcb3,4,4882,binary_model_output,,,,,,0.29297327308424703,0.19656220303586228,0.2412216066884169,0.47644277415785885,ff4c07208278376b27a4954d560c715f51453c5e,False,data/manifests/visa_pcb_folds.csv,6fd011da63133ce0135df8ae336b42bd81d65db1586e77b2db3fb61a9914842e,97ffc9e9ccb180f3b3c9bebca89e6ab3e18271e9639d3b8b8d5fce2dd071ec4b,aa0ce45151a9c592322bcfcf16d8767f2c4299d0193ce3a94d25c714ca53802c
dinov2_multi_sam2__pcb3__fold0__k4__seed4883,dinov2_multi_sam2,pcb3,4,4883,binary_model_output,,,,,,0.2856039685162796,0.19443839443841276,0.242374680215515,0.4323680555053467,ff4c07208278376b27a4954d560c715f51453c5e,False,data/manifests/visa_pcb_folds.csv,6fd011da63133ce0135df8ae336b42bd81d65db1586e77b2db3fb61a9914842e,34a9bce5fb0b2966d1b1aacfd97a321656ae94b4ab8daf1a72ebabfb347586d8,5022f960795926352461af59fea18c98ce569f244fb81a03614198c873fad858
dinov2_multi_sam2__pcb3__fold0__k4__seed4884,dinov2_multi_sam2,pcb3,4,4884,binary_model_output,,,,,,0.28422726439519,0.1983906218599589,0.23112303242307294,0.44827870274862053,ff4c07208278376b27a4954d560c715f51453c5e,False,data/manifests/visa_pcb_folds.csv,6fd011da63133ce0135df8ae336b42bd81d65db1586e77b2db3fb61a9914842e,8fc700e6990d451f4ed37cdfcfa16ff4007d8586c84295f831396bb62e4ba023,0457ea8139876fcfb7c316bad2111d7f4731eddb7da59e4d62cda51e40ab7777
dinov2_multi_sam2__pcb4__fold0__k1__seed4880,dinov2_multi_sam2,pcb4,1,4880,binary_model_output,,,,,,0.24754981804833398,0.16036127699683644,0.3224194673210507,0.2736695118778998,ff4c07208278376b27a4954d560c715f51453c5e,False,data/manifests/visa_pcb_folds.csv,6fd011da63133ce0135df8ae336b42bd81d65db1586e77b2db3fb61a9914842e,d5abb324af017b0ca8fb6af7d8c8812c8852bfe3fd805b47f4591dcbd61e8bb8,7fd2f32f7e1da6086db721cfc6f4c428b36086ed93de64dc9e6881cbcddbca16
dinov2_multi_sam2__pcb4__fold0__k1__seed4881,dinov2_multi_sam2,pcb4,1,4881,binary_model_output,,,,,,0.2857009189798585,0.18753750822643236,0.3164047647278113,0.3313390334169767,ff4c07208278376b27a4954d560c715f51453c5e,False,data/manifests/visa_pcb_folds.csv,6fd011da63133ce0135df8ae336b42bd81d65db1586e77b2db3fb61a9914842e,71253655a86a295fc4489764d4380cca2b1de3718dd9cb896cd423a43daa2bba,776e64e5c942fef979ea6d9f1b0081939ae3c44a22394a42b3ef3464f908127c
dinov2_multi_sam2__pcb4__fold0__k1__seed4882,dinov2_multi_sam2,pcb4,1,4882,binary_model_output,,,,,,0.26183487437513336,0.16917714481299165,0.3112160337432438,0.3017686081221358,ff4c07208278376b27a4954d560c715f51453c5e,False,data/manifests/visa_pcb_folds.csv,6fd011da63133ce0135df8ae336b42bd81d65db1586e77b2db3fb61a9914842e,cd69aa6353186c7075de0ec08d73d71015bddc75d7de0977ddac191695748612,b3e0425965c5b812b50b1956cdc94b1f0149f28a70c9ab4b7da4acd164c506c1
dinov2_multi_sam2__pcb4__fold0__k1__seed4883,dinov2_multi_sam2,pcb4,1,4883,binary_model_output,,,,,,0.28397056001076265,0.19121419006761287,0.3259418366730361,0.3309440142533939,ff4c07208278376b27a4954d560c715f51453c5e,False,data/manifests/visa_pcb_folds.csv,6fd011da63133ce0135df8ae336b42bd81d65db1586e77b2db3fb61a9914842e,da3c33ec4ae127ae70db3c56aa0cd81a240b43a62201ca24c22c92eb4f8923f4,fdd506501c59cf2da96eaf59abc3ad8c62268f275e16d203fda93a21917f7b7e
dinov2_multi_sam2__pcb4__fold0__k1__seed4884,dinov2_multi_sam2,pcb4,1,4884,binary_model_output,,,,,,0.24135674191840356,0.16038517022557372,0.2792083802529513,0.2782866035564329,ff4c07208278376b27a4954d560c715f51453c5e,False,data/manifests/visa_pcb_folds.csv,6fd011da63133ce0135df8ae336b42bd81d65db1586e77b2db3fb61a9914842e,5f241a5106e027c1eb9b08177057e18b54b3ddf43c9e164033834aca7724e7b1,76ee2e8ebf20dde6e7364c238ecf2a4bc4917abe53ea9e246eab3a4d0481170c
dinov2_multi_sam2__pcb4__fold0__k2__seed4880,dinov2_multi_sam2,pcb4,2,4880,binary_model_output,,,,,,0.2564415016905854,0.1664166558898718,0.31369041941367615,0.29167658820528486,ff4c07208278376b27a4954d560c715f51453c5e,False,data/manifests/visa_pcb_folds.csv,6fd011da63133ce0135df8ae336b42bd81d65db1586e77b2db3fb61a9914842e,889601b495c9890fcc9fd7a7f002027ca4affbdade14f537bf5227e14ba29acc,5acc977eb9f1e1999efcb3624aea55b1d5a3961d9504c068dc8b7d5d8bb9b46a
dinov2_multi_sam2__pcb4__fold0__k2__seed4881,dinov2_multi_sam2,pcb4,2,4881,binary_model_output,,,,,,0.28310978420218186,0.18587802552695137,0.3088330011348887,0.34157368131311683,ff4c07208278376b27a4954d560c715f51453c5e,False,data/manifests/visa_pcb_folds.csv,6fd011da63133ce0135df8ae336b42bd81d65db1586e77b2db3fb61a9914842e,a3b5dc919875ca8cdfce0604467252b25eb1f6d54c9caac7e133558899dbeb40,2e63ffd2dbe89a7279db6faa00bc971ef68927d9a4509783ce2fa184fefd4a47
dinov2_multi_sam2__pcb4__fold0__k2__seed4882,dinov2_multi_sam2,pcb4,2,4882,binary_model_output,,,,,,0.3015408375173774,0.19830780559448802,0.3335374936269092,0.3721019378556025,ff4c07208278376b27a4954d560c715f51453c5e,False,data/manifests/visa_pcb_folds.csv,6fd011da63133ce0135df8ae336b42bd81d65db1586e77b2db3fb61a9914842e,f79f705782379a7fa71f3dd7b06451039ecc8a847d830989dfb05ba57bbf0885,6e0061c5b8bb0bd20219cd4ff013b8af06396d0292e89c416a487afda747912b
dinov2_multi_sam2__pcb4__fold0__k2__seed4883,dinov2_multi_sam2,pcb4,2,4883,binary_model_output,,,,,,0.25016824350679184,0.16300818144011547,0.2962289361880311,0.2889356342838392,ff4c07208278376b27a4954d560c715f51453c5e,False,data/manifests/visa_pcb_folds.csv,6fd011da63133ce0135df8ae336b42bd81d65db1586e77b2db3fb61a9914842e,0fb7f2767d1a2b7dc8fae8f930043f9d7a99d8fddb938b84daf0b44de39814fd,3a8310c79477e21cc72249cfa12759df17b3cbaf25cdb7904735b435a99cf37a
dinov2_multi_sam2__pcb4__fold0__k2__seed4884,dinov2_multi_sam2,pcb4,2,4884,binary_model_output,,,,,,0.28257360934740555,0.1891424741376966,0.30751457042617836,0.34223469103349635,ff4c07208278376b27a4954d560c715f51453c5e,False,data/manifests/visa_pcb_folds.csv,6fd011da63133ce0135df8ae336b42bd81d65db1586e77b2db3fb61a9914842e,e8c093d439ef8fb49a9224687fa39353bfe587f6bb7802124a81bc894424903e,4acfb1e1df4c8feab810fe9007c8a803b368364e5ab71d7db8ccc8f262547239
dinov2_multi_sam2__pcb4__fold0__k4__seed4880,dinov2_multi_sam2,pcb4,4,4880,binary_model_output,,,,,,0.2669018087622393,0.17396269264531555,0.31667368585283034,0.3093866248858587,ff4c07208278376b27a4954d560c715f51453c5e,False,data/manifests/visa_pcb_folds.csv,6fd011da63133ce0135df8ae336b42bd81d65db1586e77b2db3fb61a9914842e,3b3bec5efe7606887a1ebf99fb71999284489e5326f15802bdf6d877a58464f5,9529f5689b6e8b9f539f11e2f255b18bf39f5d6f3690b9cc6b516969c705864e
dinov2_multi_sam2__pcb4__fold0__k4__seed4881,dinov2_multi_sam2,pcb4,4,4881,binary_model_output,,,,,,0.2687733692244095,0.1765235687941043,0.3037795013145609,0.3203654081834635,ff4c07208278376b27a4954d560c715f51453c5e,False,data/manifests/visa_pcb_folds.csv,6fd011da63133ce0135df8ae336b42bd81d65db1586e77b2db3fb61a9914842e,1b86d02078e23d8d13d551ad1fcedd9c3c6e55d26acfdfe60e7b3104309ce1f8,2b5cdfe38c99769542d5ad3fad345ce3c07b293da7d30f6194531bc89e6346a6
dinov2_multi_sam2__pcb4__fold0__k4__seed4882,dinov2_multi_sam2,pcb4,4,4882,binary_model_output,,,,,,0.31740429174611895,0.21141455462719527,0.34764540427308505,0.39008713427920333,ff4c07208278376b27a4954d560c715f51453c5e,False,data/manifests/visa_pcb_folds.csv,6fd011da63133ce0135df8ae336b42bd81d65db1586e77b2db3fb61a9914842e,c3d2887a289fe4e8046e27e2d75254617d527444aa8eb4307b670a48207f23a9,b1afbb7d1d8704265dedf4d13a7dea3c8468d6d72216b9105b021dc88b5818bc
dinov2_multi_sam2__pcb4__fold0__k4__seed4883,dinov2_multi_sam2,pcb4,4,4883,binary_model_output,,,,,,0.2699155363732848,0.1780816115766444,0.3028209647221249,0.32398743899628923,ff4c07208278376b27a4954d560c715f51453c5e,False,data/manifests/visa_pcb_folds.csv,6fd011da63133ce0135df8ae336b42bd81d65db1586e77b2db3fb61a9914842e,109ca1ad6009b64bea3fd7945f4977a987b562d939e68b103b1b4468913c9e02,4ab9e2c23efa28fa9de105503bbdf0b65b92fc46dd5dd04e1aa89d98d7316658
dinov2_multi_sam2__pcb4__fold0__k4__seed4884,dinov2_multi_sam2,pcb4,4,4884,binary_model_output,,,,,,0.302912100919148,0.20244315172817814,0.3155237120768877,0.3830958673459753,ff4c07208278376b27a4954d560c715f51453c5e,False,data/manifests/visa_pcb_folds.csv,6fd011da63133ce0135df8ae336b42bd81d65db1586e77b2db3fb61a9914842e,d14dd1d1a445f41dab1f2e202e85540b97c76657873bb7e418d4d648ec29a112,1d6da67332def561cebac425b54f7b25016650018a1b8b99e7b3b1afb36f4db0
anomaly_consistent_sam2__pcb1__fold0__k1__seed4880,anomaly_consistent_sam2,pcb1,1,4880,binary_model_output,,,,,,0.34562981464823295,0.23491680410194393,0.27322555038201335,0.6572493480340714,ff4c07208278376b27a4954d560c715f51453c5e,False,data/manifests/visa_pcb_folds.csv,6fd011da63133ce0135df8ae336b42bd81d65db1586e77b2db3fb61a9914842e,1e90ea0b12d989239926a0b3957413b1eefaae5a7d53c1930684cfd99497c4a8,ec37217572c5f38c31429b077a1ed8505792a6891394cd6f2d9930468e13045d
anomaly_consistent_sam2__pcb1__fold0__k1__seed4881,anomaly_consistent_sam2,pcb1,1,4881,binary_model_output,,,,,,0.32934837581104814,0.22052259827560575,0.24939854371322798,0.7029957743538172,ff4c07208278376b27a4954d560c715f51453c5e,False,data/manifests/visa_pcb_folds.csv,6fd011da63133ce0135df8ae336b42bd81d65db1586e77b2db3fb61a9914842e,29541d1b1f5c17c4ad5f580134660a56ff6a6bc5178e3a4163eb660ae4f98328,e4515d5102cff33f36c4220b5efb9ef51b49023008d29b9fff09651d3a8c6a6f
anomaly_consistent_sam2__pcb1__fold0__k1__seed4882,anomaly_consistent_sam2,pcb1,1,4882,binary_model_output,,,,,,0.3537285029652265,0.24011849498410848,0.2729228282392649,0.6834601068752733,ff4c07208278376b27a4954d560c715f51453c5e,False,data/manifests/visa_pcb_folds.csv,6fd011da63133ce0135df8ae336b42bd81d65db1586e77b2db3fb61a9914842e,f9a479e176f1411adee150cc0a850a56aea0a03a4fde9a2042f27d6322829148,f4f72dc8a0b70cf5add122b352b407b8ab26f9cd47d578492e45323f0e0b7529
anomaly_consistent_sam2__pcb1__fold0__k1__seed4883,anomaly_consistent_sam2,pcb1,1,4883,binary_model_output,,,,,,0.37368055426555663,0.25604503421456565,0.2936227525912987,0.6816116975283357,ff4c07208278376b27a4954d560c715f51453c5e,False,data/manifests/visa_pcb_folds.csv,6fd011da63133ce0135df8ae336b42bd81d65db1586e77b2db3fb61a9914842e,f345eca33b71558aa05ec06aa3624e75dc9812aa8ddbe1e8dca3c2751f4434f6,11e901422126d0ebb51496cc440c662089a92c0780c376a5093480ca8b3065c2
anomaly_consistent_sam2__pcb1__fold0__k1__seed4884,anomaly_consistent_sam2,pcb1,1,4884,binary_model_output,,,,,,0.37042887523227824,0.25392109224079523,0.2855771815604357,0.7091477288334476,ff4c07208278376b27a4954d560c715f51453c5e,False,data/manifests/visa_pcb_folds.csv,6fd011da63133ce0135df8ae336b42bd81d65db1586e77b2db3fb61a9914842e,f825bf9dafb687403cd8a643465673cbb371910eeb3f78772c6c19020fa05a57,5148cfa9851f67def3f5d9ba5edceb551ea66e6bb69d211eeecaa04f7f9a082d
anomaly_consistent_sam2__pcb1__fold0__k2__seed4880,anomaly_consistent_sam2,pcb1,2,4880,binary_model_output,,,,,,0.3875804040074607,0.2809011939909774,0.3603815887931734,0.4946474842429869,ff4c07208278376b27a4954d560c715f51453c5e,False,data/manifests/visa_pcb_folds.csv,6fd011da63133ce0135df8ae336b42bd81d65db1586e77b2db3fb61a9914842e,cd6409d19275b6a316e23e5ac12346646000818d05d6dd90dcbac8ba836bbfb6,f6ac425be1178e59ff37c9f94f2fe815d5131be4b1002caf695c1898c6621bad
anomaly_consistent_sam2__pcb1__fold0__k2__seed4881,anomaly_consistent_sam2,pcb1,2,4881,binary_model_output,,,,,,0.33306662355139194,0.22096127810452704,0.2509437888738166,0.7243019252332229,ff4c07208278376b27a4954d560c715f51453c5e,False,data/manifests/visa_pcb_folds.csv,6fd011da63133ce0135df8ae336b42bd81d65db1586e77b2db3fb61a9914842e,0d6a19c620868991d275bcbdae3281631c7a5b6c82b53b68ee1efe231f0fa86d,05db94d3db540737f72983a6be7b2716b9a89d463bdb7f06f86859c04db20104
anomaly_consistent_sam2__pcb1__fold0__k2__seed4882,anomaly_consistent_sam2,pcb1,2,4882,binary_model_output,,,,,,0.3604900455474761,0.24495689757819214,0.2800232800296548,0.6777952301071593,ff4c07208278376b27a4954d560c715f51453c5e,False,data/manifests/visa_pcb_folds.csv,6fd011da63133ce0135df8ae336b42bd81d65db1586e77b2db3fb61a9914842e,f772f3203d542d811e364b471bd3d2816148e2955001dcc3d8d59c7c2798379f,0e21e6a60c41bcdf91baea0a3cc5147c7a09a062681ca8647d21660471d4d532
anomaly_consistent_sam2__pcb1__fold0__k2__seed4883,anomaly_consistent_sam2,pcb1,2,4883,binary_model_output,,,,,,0.35367264047129754,0.24021565257648425,0.27402594015089243,0.6967024654992184,ff4c07208278376b27a4954d560c715f51453c5e,False,data/manifests/visa_pcb_folds.csv,6fd011da63133ce0135df8ae336b42bd81d65db1586e77b2db3fb61a9914842e,d94a5dfe15135b57602df273f01bcac530bb7af70b15ea06b912f9c13102c31f,adaa18a2925b19aed6fd286ca43b012bfbde8574167c9df7c74f59988bd6669e
anomaly_consistent_sam2__pcb1__fold0__k2__seed4884,anomaly_consistent_sam2,pcb1,2,4884,binary_model_output,,,,,,0.36759581953683484,0.25424687814351477,0.28104691374315766,0.7037789040410114,ff4c07208278376b27a4954d560c715f51453c5e,False,data/manifests/visa_pcb_folds.csv,6fd011da63133ce0135df8ae336b42bd81d65db1586e77b2db3fb61a9914842e,478f65a79f6b99c02cacbcd52efd5bc6567ccf631a473eedd2857804e3a3a6ba,4e99ba76a7160cf4b7195a387463e44a6f1271a2eae5a04e4f315fa80c9109f7
anomaly_consistent_sam2__pcb1__fold0__k4__seed4880,anomaly_consistent_sam2,pcb1,4,4880,binary_model_output,,,,,,0.4077410142804411,0.291815667588987,0.36422356934210526,0.549522824571079,ff4c07208278376b27a4954d560c715f51453c5e,False,data/manifests/visa_pcb_folds.csv,6fd011da63133ce0135df8ae336b42bd81d65db1586e77b2db3fb61a9914842e,4fd496b7e6640e5b3d2880f40139d5d6f543c3f3a2b0464d16ec7d0dde210a0d,a564993b00e475537ff4e7065c01b82ff6e4b743e5146aa1f97931c9a455481a
anomaly_consistent_sam2__pcb1__fold0__k4__seed4881,anomaly_consistent_sam2,pcb1,4,4881,binary_model_output,,,,,,0.31807017000780546,0.2114811301276825,0.23873096914265332,0.7239951367746988,ff4c07208278376b27a4954d560c715f51453c5e,False,data/manifests/visa_pcb_folds.csv,6fd011da63133ce0135df8ae336b42bd81d65db1586e77b2db3fb61a9914842e,62e9f4c2a17a122d1936e6ad2b5e02c5d47ce0b25ec0541430e2f8ea61b348e5,ecb4c4e5d991f50775f22bbac3e21a779b5612189bce4bd854fbd72f0570a6db
anomaly_consistent_sam2__pcb1__fold0__k4__seed4882,anomaly_consistent_sam2,pcb1,4,4882,binary_model_output,,,,,,0.4234114185244388,0.30416098110185924,0.3554955537945938,0.619243325202294,ff4c07208278376b27a4954d560c715f51453c5e,False,data/manifests/visa_pcb_folds.csv,6fd011da63133ce0135df8ae336b42bd81d65db1586e77b2db3fb61a9914842e,0b9d9e68c79743794f000e34a96c8a92ca018a647cbbb4856a75cbb37d06e685,8eab0f999b89e8b3e0ac132787eea748ac30957a9d66b619e7c9834142cb1929
anomaly_consistent_sam2__pcb1__fold0__k4__seed4883,anomaly_consistent_sam2,pcb1,4,4883,binary_model_output,,,,,,0.37381937269182997,0.2596007055667165,0.3017311118815622,0.6150066042876519,ff4c07208278376b27a4954d560c715f51453c5e,False,data/manifests/visa_pcb_folds.csv,6fd011da63133ce0135df8ae336b42bd81d65db1586e77b2db3fb61a9914842e,d9eaabd475128a70dcb595945700b49308f07af62497584850f38dfc4df552f2,0d3c815d8cc76ad24ea38cc91733ef12561bacbd3a6a51ef5ba0908f98426892
anomaly_consistent_sam2__pcb1__fold0__k4__seed4884,anomaly_consistent_sam2,pcb1,4,4884,binary_model_output,,,,,,0.3622977014284321,0.24575632553194368,0.27343106890234425,0.7530616674540611,ff4c07208278376b27a4954d560c715f51453c5e,False,data/manifests/visa_pcb_folds.csv,6fd011da63133ce0135df8ae336b42bd81d65db1586e77b2db3fb61a9914842e,1c8cba4ac2dfcc90bc036f562ced5c02d4ebda81b67ec7e1d3497168c91c2b00,bdde5ae8daf04ba1ead760517afd31c2f293f000d3dbacd9144caa5b303fa8bb
anomaly_consistent_sam2__pcb2__fold0__k1__seed4880,anomaly_consistent_sam2,pcb2,1,4880,binary_model_output,,,,,,0.19281680573952592,0.12986518953624612,0.16664439947386733,0.2797568415013418,ff4c07208278376b27a4954d560c715f51453c5e,False,data/manifests/visa_pcb_folds.csv,6fd011da63133ce0135df8ae336b42bd81d65db1586e77b2db3fb61a9914842e,574096044544b713bcfa1edf2fa512dc9321981ac5e6fef8f2e804028411ef88,0ebf5f148ea6b3728a3f67aea60b3c12d8547b140c38caadb8f60f4bcb6839ed
anomaly_consistent_sam2__pcb2__fold0__k1__seed4881,anomaly_consistent_sam2,pcb2,1,4881,binary_model_output,,,,,,0.21409243358039393,0.1439538545024842,0.19178096230090713,0.30023387165561105,ff4c07208278376b27a4954d560c715f51453c5e,False,data/manifests/visa_pcb_folds.csv,6fd011da63133ce0135df8ae336b42bd81d65db1586e77b2db3fb61a9914842e,34dec225addba7174e4a9f31f4ffb14367040e9eb73c1db54e63e19d2fcd2caa,7a697797e78cbf8b490aec284c36d01e0db5030993220f0d9dce0f27f75fad8a
anomaly_consistent_sam2__pcb2__fold0__k1__seed4882,anomaly_consistent_sam2,pcb2,1,4882,binary_model_output,,,,,,0.2834652469549399,0.19464817853912195,0.24663153374228705,0.39174694373499896,ff4c07208278376b27a4954d560c715f51453c5e,False,data/manifests/visa_pcb_folds.csv,6fd011da63133ce0135df8ae336b42bd81d65db1586e77b2db3fb61a9914842e,fd5a513adf85fdc6bbe0449460f4f98021202b11537e870406318bff3b339440,f7ca39c9c96a6067c1e3644c94498e6bc166f35025d0e5018255c9391b8cdaa5
anomaly_consistent_sam2__pcb2__fold0__k1__seed4883,anomaly_consistent_sam2,pcb2,1,4883,binary_model_output,,,,,,0.24208602889819647,0.1656939797091068,0.21599082100191785,0.33864874898297764,ff4c07208278376b27a4954d560c715f51453c5e,False,data/manifests/visa_pcb_folds.csv,6fd011da63133ce0135df8ae336b42bd81d65db1586e77b2db3fb61a9914842e,09cdfbc6f3376f3576bbc1dfcd8d3e8bc2ac14324dd58c1290ecdb7b3790e9e8,6e5e6a57a9858d267d876e155fbd8bfe593a6248d4504bf9b80ae1e512b9d024
anomaly_consistent_sam2__pcb2__fold0__k1__seed4884,anomaly_consistent_sam2,pcb2,1,4884,binary_model_output,,,,,,0.34604141635069025,0.2405342118871548,0.2887746810544656,0.49211722806810654,ff4c07208278376b27a4954d560c715f51453c5e,False,data/manifests/visa_pcb_folds.csv,6fd011da63133ce0135df8ae336b42bd81d65db1586e77b2db3fb61a9914842e,38d887a3d4ff1a9c2205ab1e2cfd2a67c9f48cbc4999b65fbbe3cba18948b237,0dca163b5d4c7953bccbc8fc9e87f0ec017124119c54c16e75fed6243271102f
anomaly_consistent_sam2__pcb2__fold0__k2__seed4880,anomaly_consistent_sam2,pcb2,2,4880,binary_model_output,,,,,,0.32676445426118744,0.22715173461774785,0.288311570770301,0.4502044962142064,ff4c07208278376b27a4954d560c715f51453c5e,False,data/manifests/visa_pcb_folds.csv,6fd011da63133ce0135df8ae336b42bd81d65db1586e77b2db3fb61a9914842e,766b2fe68af70d4f31782fdfe3450d4ed1c12bb44cfd3b9ac7f9db995330c713,f7dab5af07b2f3a31b2b2d95a906a87c5d81365ed6476a1998ee242d77a1522d
anomaly_consistent_sam2__pcb2__fold0__k2__seed4881,anomaly_consistent_sam2,pcb2,2,4881,binary_model_output,,,,,,0.3406123897482186,0.23897995335653138,0.2806403442169699,0.4855225607996437,ff4c07208278376b27a4954d560c715f51453c5e,False,data/manifests/visa_pcb_folds.csv,6fd011da63133ce0135df8ae336b42bd81d65db1586e77b2db3fb61a9914842e,585d0402ed87cbede66652aefd9163d2f4115dc633b4171450c6c4e4cee11654,d13bc097ed0fbf1d13cea1040f9054262c05f8a819e841db0262decb044d6175
anomaly_consistent_sam2__pcb2__fold0__k2__seed4882,anomaly_consistent_sam2,pcb2,2,4882,binary_model_output,,,,,,0.30900265853998504,0.21281652659240993,0.25954240308852694,0.43904330368489936,ff4c07208278376b27a4954d560c715f51453c5e,False,data/manifests/visa_pcb_folds.csv,6fd011da63133ce0135df8ae336b42bd81d65db1586e77b2db3fb61a9914842e,8fb9cd88cefd901afdeeb9afb9b4da1c58c0061c894ae1691af2fed87235845c,dcccff0f7be94cfa375f1d08b4fc94bde71848d1cd9b6883a3830e630f8e1954
anomaly_consistent_sam2__pcb2__fold0__k2__seed4883,anomaly_consistent_sam2,pcb2,2,4883,binary_model_output,,,,,,0.3344461104755058,0.23354851250047765,0.28637153596745646,0.4619540774781288,ff4c07208278376b27a4954d560c715f51453c5e,False,data/manifests/visa_pcb_folds.csv,6fd011da63133ce0135df8ae336b42bd81d65db1586e77b2db3fb61a9914842e,1554e25cdad1cedc9ab200b4c89d343057d0b5891ea929d7e0d9d17df616c760,0368c00a7231220b00add4bbcef78291ce13db75a3c21b9fade7d489c5bc3193
anomaly_consistent_sam2__pcb2__fold0__k2__seed4884,anomaly_consistent_sam2,pcb2,2,4884,binary_model_output,,,,,,0.3334638111475254,0.23256541459896393,0.2806183760554972,0.4814758448207821,ff4c07208278376b27a4954d560c715f51453c5e,False,data/manifests/visa_pcb_folds.csv,6fd011da63133ce0135df8ae336b42bd81d65db1586e77b2db3fb61a9914842e,c8ef0f7e03c2ce6f3fc6892f03c1a11eb9c998a0ebee66cbfeb5983436533af0,e4ebe93aa3293b0adef8eb217f425cd5092eb4d7561ae0c41295824feaa0f418
anomaly_consistent_sam2__pcb2__fold0__k4__seed4880,anomaly_consistent_sam2,pcb2,4,4880,binary_model_output,,,,,,0.364043088923496,0.25558836285737746,0.30331803781154737,0.5210353376301808,ff4c07208278376b27a4954d560c715f51453c5e,False,data/manifests/visa_pcb_folds.csv,6fd011da63133ce0135df8ae336b42bd81d65db1586e77b2db3fb61a9914842e,723e4618569b019d69c5b4b5ac3dbb63ef0dccf68ed87ef3ceec8edb3c734f84,ac818461987f9678031f1f6ef752d5a34d075587e800c60aaf8924b04b175dad
anomaly_consistent_sam2__pcb2__fold0__k4__seed4881,anomaly_consistent_sam2,pcb2,4,4881,binary_model_output,,,,,,0.36137143453818715,0.25333549398567057,0.2988321624706334,0.516832891727631,ff4c07208278376b27a4954d560c715f51453c5e,False,data/manifests/visa_pcb_folds.csv,6fd011da63133ce0135df8ae336b42bd81d65db1586e77b2db3fb61a9914842e,65013497ae78ebd1de7007b4cbdf583cd1672aa5840e7a47fb5d37e0aa700abd,6c04243d2ed80b6f31b4f2a7fc8f53773a1e3775ca59d48b4f6a5c661c64bc86
anomaly_consistent_sam2__pcb2__fold0__k4__seed4882,anomaly_consistent_sam2,pcb2,4,4882,binary_model_output,,,,,,0.32537226621892673,0.22425773354931927,0.27119255826948785,0.47371651445311985,ff4c07208278376b27a4954d560c715f51453c5e,False,data/manifests/visa_pcb_folds.csv,6fd011da63133ce0135df8ae336b42bd81d65db1586e77b2db3fb61a9914842e,036b94fb71690d4d09c61c4c4a7bfdefe84ec7172a1e40aa419794690c8d2c3b,ebc441680b1f01f7cfd6cd0f3b66c31b90c9cfc3cf8b7d20c3f175adb9232de8
anomaly_consistent_sam2__pcb2__fold0__k4__seed4883,anomaly_consistent_sam2,pcb2,4,4883,binary_model_output,,,,,,0.3494362412558173,0.24473892480867834,0.29502391988421406,0.48914407258239045,ff4c07208278376b27a4954d560c715f51453c5e,False,data/manifests/visa_pcb_folds.csv,6fd011da63133ce0135df8ae336b42bd81d65db1586e77b2db3fb61a9914842e,99ab095363921e9a36c57919066000d7a950f95fa2b89c34472c70b1fcc5c519,9079f61a71ac931481825043af8f03596042b654bae7bed86c29ab3270b2cef3
anomaly_consistent_sam2__pcb2__fold0__k4__seed4884,anomaly_consistent_sam2,pcb2,4,4884,binary_model_output,,,,,,0.3625937556640412,0.2535292966383818,0.3063510609829916,0.5156769917092785,ff4c07208278376b27a4954d560c715f51453c5e,False,data/manifests/visa_pcb_folds.csv,6fd011da63133ce0135df8ae336b42bd81d65db1586e77b2db3fb61a9914842e,209456c7a588144fe1fc0fcc6d3a76097e859901ffcfc97482b038707c095461,48256b74a7bff5783848694935c9aca324b427fa1c5828f92a5794d35f0c85bd
anomaly_consistent_sam2__pcb3__fold0__k1__seed4880,anomaly_consistent_sam2,pcb3,1,4880,binary_model_output,,,,,,0.21794440512063276,0.14406238964873475,0.21271809538703457,0.29239686743586,ff4c07208278376b27a4954d560c715f51453c5e,False,data/manifests/visa_pcb_folds.csv,6fd011da63133ce0135df8ae336b42bd81d65db1586e77b2db3fb61a9914842e,f35db464367cf12e5d5a1413c620907113bfa765917a5e95c8fa5078b125b85e,71994a6cbce3e9ade757a37bb608e625096a2c5bc2b9b417d4d02f18bc308cb3
anomaly_consistent_sam2__pcb3__fold0__k1__seed4881,anomaly_consistent_sam2,pcb3,1,4881,binary_model_output,,,,,,0.23251280248946748,0.1537559036437067,0.22908761572330452,0.3106599225013349,ff4c07208278376b27a4954d560c715f51453c5e,False,data/manifests/visa_pcb_folds.csv,6fd011da63133ce0135df8ae336b42bd81d65db1586e77b2db3fb61a9914842e,1184bd3c1e7d68b02aa98263d2b9b77a98af370b96d92f0b736dab2b44185e2a,3afc336d6502b0e27fcbb2020a1473abe5b4c851284727ed84882088b5af80ce
anomaly_consistent_sam2__pcb3__fold0__k1__seed4882,anomaly_consistent_sam2,pcb3,1,4882,binary_model_output,,,,,,0.26455524908179673,0.18223686460722913,0.2770949199252149,0.30867619200516216,ff4c07208278376b27a4954d560c715f51453c5e,False,data/manifests/visa_pcb_folds.csv,6fd011da63133ce0135df8ae336b42bd81d65db1586e77b2db3fb61a9914842e,e97e81cd23438b8d56f8121ceaf4cf133c795c75221fc8af0a4868f836fdad60,3bcad4242c23dc29f4b9a8bf5b608e5dd27a5854c11505449dcc267bbfb4e01e
anomaly_consistent_sam2__pcb3__fold0__k1__seed4883,anomaly_consistent_sam2,pcb3,1,4883,binary_model_output,,,,,,0.22690586466177926,0.15069563907334493,0.21774577383890303,0.30815657673482355,ff4c07208278376b27a4954d560c715f51453c5e,False,data/manifests/visa_pcb_folds.csv,6fd011da63133ce0135df8ae336b42bd81d65db1586e77b2db3fb61a9914842e,5287913958ef2374aca8c0401ca097805cbcfb5d8b9d96f382ef3f1896e394a6,64d6173854f138573ce566ba8d6a424b4f7ef7a3ca96e3f70090aa2d62e4c034
anomaly_consistent_sam2__pcb3__fold0__k1__seed4884,anomaly_consistent_sam2,pcb3,1,4884,binary_model_output,,,,,,0.261493531304593,0.1771266055141373,0.2550986423732716,0.3241247851114929,ff4c07208278376b27a4954d560c715f51453c5e,False,data/manifests/visa_pcb_folds.csv,6fd011da63133ce0135df8ae336b42bd81d65db1586e77b2db3fb61a9914842e,c12127d2eefa71460919896e4ac9cd524455903e56dd9410ca7af6c0b87d8079,81d62fed58017c42fec0ae907d020c3438ca20373bd25cc6f55de8992adedf19
anomaly_consistent_sam2__pcb3__fold0__k2__seed4880,anomaly_consistent_sam2,pcb3,2,4880,binary_model_output,,,,,,0.2657829684012932,0.18016581450099714,0.2631984656765837,0.33730183256276564,ff4c07208278376b27a4954d560c715f51453c5e,False,data/manifests/visa_pcb_folds.csv,6fd011da63133ce0135df8ae336b42bd81d65db1586e77b2db3fb61a9914842e,621a1b77af793fbbc9667dbad5b70a8e1f6c4c98db5a042101b78ac5a634ec8e,0781657434cb34e8c925dead83a72e7de5ed58fc9fbaa92a561faf71eb97c163
anomaly_consistent_sam2__pcb3__fold0__k2__seed4881,anomaly_consistent_sam2,pcb3,2,4881,binary_model_output,,,,,,0.2887389843000881,0.2014450508591123,0.2839166435008817,0.36598204346784796,ff4c07208278376b27a4954d560c715f51453c5e,False,data/manifests/visa_pcb_folds.csv,6fd011da63133ce0135df8ae336b42bd81d65db1586e77b2db3fb61a9914842e,5305cbb73a548ebdc6c521ca4873b21a35c7bb7eb0c0f98fe898d10c753884b2,8c52b7a33f8b7335b0fba4c0043ebb08ba8644528ad67e5af302d78db15531fe
anomaly_consistent_sam2__pcb3__fold0__k2__seed4882,anomaly_consistent_sam2,pcb3,2,4882,binary_model_output,,,,,,0.3058200828910645,0.2111211993024072,0.2896890488746474,0.38636434758430943,ff4c07208278376b27a4954d560c715f51453c5e,False,data/manifests/visa_pcb_folds.csv,6fd011da63133ce0135df8ae336b42bd81d65db1586e77b2db3fb61a9914842e,4fcbfc49424187fdafb35033f2506c95347c9e35b4de3352219da7fa0c2b9eb0,e31dd77cb7d9a55da40d200717c6a60e25972be399f681a4b4bbd72169b7c585
anomaly_consistent_sam2__pcb3__fold0__k2__seed4883,anomaly_consistent_sam2,pcb3,2,4883,binary_model_output,,,,,,0.23503663021528565,0.1600272650062484,0.2319687655343057,0.29092512264019377,ff4c07208278376b27a4954d560c715f51453c5e,False,data/manifests/visa_pcb_folds.csv,6fd011da63133ce0135df8ae336b42bd81d65db1586e77b2db3fb61a9914842e,a8cb884434502b18c2efac13e485845d17d15d4ddbf7b9fdfcfd66e27629e055,2a9996a3b409c05843466344b0d28b83e89af13a27a2c00231cb34f7907ebc4f
anomaly_consistent_sam2__pcb3__fold0__k2__seed4884,anomaly_consistent_sam2,pcb3,2,4884,binary_model_output,,,,,,0.2559578748430234,0.1767287423081714,0.24554797358032152,0.31655238832215843,ff4c07208278376b27a4954d560c715f51453c5e,False,data/manifests/visa_pcb_folds.csv,6fd011da63133ce0135df8ae336b42bd81d65db1586e77b2db3fb61a9914842e,5f2a4c528573b8b44a0249a84f2dbb1ee72985d72d86393a87be6ff0b6b2773a,4fe25db56bd95ac86c215a45e07c2c909f42f12f2e0d9c362d5ffc48e093fed2
anomaly_consistent_sam2__pcb3__fold0__k4__seed4880,anomaly_consistent_sam2,pcb3,4,4880,binary_model_output,,,,,,0.29513137866540895,0.20403338200627097,0.27993992818292507,0.37252914397221987,ff4c07208278376b27a4954d560c715f51453c5e,False,data/manifests/visa_pcb_folds.csv,6fd011da63133ce0135df8ae336b42bd81d65db1586e77b2db3fb61a9914842e,f9c6a0c30a48533dc57fa7dc57e1a44874857c638f20e66e91e8036f1cdc8f97,f82462020b5aa523c59da43b3c08e9e4b4a498e1aa2e9085411869c4d372fce1
anomaly_consistent_sam2__pcb3__fold0__k4__seed4881,anomaly_consistent_sam2,pcb3,4,4881,binary_model_output,,,,,,0.3120853517274654,0.21834472132310864,0.30189810600141515,0.3920229065381171,ff4c07208278376b27a4954d560c715f51453c5e,False,data/manifests/visa_pcb_folds.csv,6fd011da63133ce0135df8ae336b42bd81d65db1586e77b2db3fb61a9914842e,1936b733134a812824677d3a8c34f6f04e2c928e4f8e437e6fd988197cbf16af,d3139c55f3e78c6c47434320dfe5640a7e26ab8a0cd07f7c2601f19f1e1a347a
anomaly_consistent_sam2__pcb3__fold0__k4__seed4882,anomaly_consistent_sam2,pcb3,4,4882,binary_model_output,,,,,,0.31089184292554006,0.2135661723468988,0.2961160437369671,0.3951387396145181,ff4c07208278376b27a4954d560c715f51453c5e,False,data/manifests/visa_pcb_folds.csv,6fd011da63133ce0135df8ae336b42bd81d65db1586e77b2db3fb61a9914842e,78743d4c9b5b6f132b300af13eb0699287310b0fadfc6aa348451183239bafec,a626c5ba30072efd277d11f9c0896d6368d452cfc909e967d74e823f6138182f
anomaly_consistent_sam2__pcb3__fold0__k4__seed4883,anomaly_consistent_sam2,pcb3,4,4883,binary_model_output,,,,,,0.2905112177639068,0.20132173229353456,0.287970301317236,0.35330167406870294,ff4c07208278376b27a4954d560c715f51453c5e,False,data/manifests/visa_pcb_folds.csv,6fd011da63133ce0135df8ae336b42bd81d65db1586e77b2db3fb61a9914842e,77acbd7d93eb4f4369418221fb9f2da6f8816db26a31b18d243ef91fe218bd45,467b3ba30be2379cb511c39b72b300a7f7e3d4f19ac05986d07b0b7cd6d96068
anomaly_consistent_sam2__pcb3__fold0__k4__seed4884,anomaly_consistent_sam2,pcb3,4,4884,binary_model_output,,,,,,0.2931699939334992,0.204263347650521,0.27703929730531224,0.36693840335008937,ff4c07208278376b27a4954d560c715f51453c5e,False,data/manifests/visa_pcb_folds.csv,6fd011da63133ce0135df8ae336b42bd81d65db1586e77b2db3fb61a9914842e,2c9b85fcf21b72d483ad3092a35c57f22273d6bb0c1651cdbbe60aed49b872f1,b1ef4f6ab4d783ac56bc50eaa667fd45eedfdd80d65b53581e891bb0c004a7c6
anomaly_consistent_sam2__pcb4__fold0__k1__seed4880,anomaly_consistent_sam2,pcb4,1,4880,binary_model_output,,,,,,0.20684600227600813,0.13399722051826202,0.34597038313540424,0.19854628929859966,ff4c07208278376b27a4954d560c715f51453c5e,False,data/manifests/visa_pcb_folds.csv,6fd011da63133ce0135df8ae336b42bd81d65db1586e77b2db3fb61a9914842e,582047b0220af891606bb596b4bea9c4ec556e27edf8fd319a739025cd519335,b175007335ddab1be5d3239f078e2dd7920a8cba3a3f600b4b8a802b1e5e41a1
anomaly_consistent_sam2__pcb4__fold0__k1__seed4881,anomaly_consistent_sam2,pcb4,1,4881,binary_model_output,,,,,,0.23902797871672768,0.15499383793963215,0.3440498584674622,0.2319865158788929,ff4c07208278376b27a4954d560c715f51453c5e,False,data/manifests/visa_pcb_folds.csv,6fd011da63133ce0135df8ae336b42bd81d65db1586e77b2db3fb61a9914842e,a90449479140db9aea0b29f96cb9a2f23453dec9e23db0796522172b90ca5308,6c437f59088bd86629a644d053f1c0abcafea8e5490053036822e75d7dc7f274
anomaly_consistent_sam2__pcb4__fold0__k1__seed4882,anomaly_consistent_sam2,pcb4,1,4882,binary_model_output,,,,,,0.2232215860366875,0.14501630591587086,0.34081536766833714,0.21634114822434,ff4c07208278376b27a4954d560c715f51453c5e,False,data/manifests/visa_pcb_folds.csv,6fd011da63133ce0135df8ae336b42bd81d65db1586e77b2db3fb61a9914842e,a64018cfc9d33611004bb70dda58b6b545c48b5094549f00267037fec2a8ea9e,4a17e297447464b4cfe45903276f1b103f8f88b67c1f5f3f855e0a3afea8bc88
anomaly_consistent_sam2__pcb4__fold0__k1__seed4883,anomaly_consistent_sam2,pcb4,1,4883,binary_model_output,,,,,,0.2320215371751457,0.15294242016501775,0.3483771494363868,0.22384721239344496,ff4c07208278376b27a4954d560c715f51453c5e,False,data/manifests/visa_pcb_folds.csv,6fd011da63133ce0135df8ae336b42bd81d65db1586e77b2db3fb61a9914842e,1dedb1459269b1bfc104455116e8f1b13da01778bf1e7c44740509a3fe9dc5df,612c62541c115f9320871c95957c8a130581c24756511fe539350ca396077cac
anomaly_consistent_sam2__pcb4__fold0__k1__seed4884,anomaly_consistent_sam2,pcb4,1,4884,binary_model_output,,,,,,0.20151901638521832,0.1331358868125327,0.28958116727957833,0.20044275016404658,ff4c07208278376b27a4954d560c715f51453c5e,False,data/manifests/visa_pcb_folds.csv,6fd011da63133ce0135df8ae336b42bd81d65db1586e77b2db3fb61a9914842e,7eef586b50bdfde017379a00473fa80a8352d9cffea090e5624e71eae53ccc0d,49fab5b8c0ce2bbd8f776913c4c90bb65ad8d27848d78a75a5a006dbd79c12ad
anomaly_consistent_sam2__pcb4__fold0__k2__seed4880,anomaly_consistent_sam2,pcb4,2,4880,binary_model_output,,,,,,0.21887969299218657,0.14248863273631898,0.33697825143340815,0.21490375448668173,ff4c07208278376b27a4954d560c715f51453c5e,False,data/manifests/visa_pcb_folds.csv,6fd011da63133ce0135df8ae336b42bd81d65db1586e77b2db3fb61a9914842e,d35870e84fb8113057aaeb406c6f444c47766045ca63464a66e20605327c9f37,bbb156825fdec82f8c9de437a85c8109225108a2adf4852fa71d5e6a632e3241
anomaly_consistent_sam2__pcb4__fold0__k2__seed4881,anomaly_consistent_sam2,pcb4,2,4881,binary_model_output,,,,,,0.23741752866194002,0.15379725172994715,0.3414087860329581,0.23299540241600358,ff4c07208278376b27a4954d560c715f51453c5e,False,data/manifests/visa_pcb_folds.csv,6fd011da63133ce0135df8ae336b42bd81d65db1586e77b2db3fb61a9914842e,882354f47582724b246f3ab653b476f272f8d4fd59daa2b6a98754bc872a0029,99ff7cf63e62796963e39782c11003ea6d8a21edc934675daa65f8e74e336adc
anomaly_consistent_sam2__pcb4__fold0__k2__seed4882,anomaly_consistent_sam2,pcb4,2,4882,binary_model_output,,,,,,0.25135314079546744,0.16205594057272296,0.3586238993949976,0.2538076658246899,ff4c07208278376b27a4954d560c715f51453c5e,False,data/manifests/visa_pcb_folds.csv,6fd011da63133ce0135df8ae336b42bd81d65db1586e77b2db3fb61a9914842e,8c5de7faf75a6414132aea2aeec3a97d2cbe219f113e4696521e2f510c43236e,dd094c69ae52cf6678495aa0f8817728ad0384ed3b7f66975ce44f5cd83add23
anomaly_consistent_sam2__pcb4__fold0__k2__seed4883,anomaly_consistent_sam2,pcb4,2,4883,binary_model_output,,,,,,0.20541872038995737,0.13491604788883696,0.3076480930065338,0.20421161611340025,ff4c07208278376b27a4954d560c715f51453c5e,False,data/manifests/visa_pcb_folds.csv,6fd011da63133ce0135df8ae336b42bd81d65db1586e77b2db3fb61a9914842e,b917394f7c44c15998e80d851be05763f85568b9a97dcc9945cef73a43a91ddb,9a7117e6749291fc75cf12855241f14facf78ac3fef51b096134797f54a6f361
anomaly_consistent_sam2__pcb4__fold0__k2__seed4884,anomaly_consistent_sam2,pcb4,2,4884,binary_model_output,,,,,,0.23144587847859246,0.15167777577591568,0.32163028203454547,0.2314862695691936,ff4c07208278376b27a4954d560c715f51453c5e,False,data/manifests/visa_pcb_folds.csv,6fd011da63133ce0135df8ae336b42bd81d65db1586e77b2db3fb61a9914842e,cd3d6012823e25af10325d3a99ed3015a6f7d9c3bc2c6c5b03dc5d75aa5f69df,cf7ebb4041a7ee3778ae5c51d5f003493c96a37d57161d8d1da286dbea862684
anomaly_consistent_sam2__pcb4__fold0__k4__seed4880,anomaly_consistent_sam2,pcb4,4,4880,binary_model_output,,,,,,0.2276337662279828,0.14779960888339047,0.34448321255191366,0.22598117944559143,ff4c07208278376b27a4954d560c715f51453c5e,False,data/manifests/visa_pcb_folds.csv,6fd011da63133ce0135df8ae336b42bd81d65db1586e77b2db3fb61a9914842e,f214d5ffc70fc3b12b4bd50e476670a6391f3cf4673c69d5786467760cf3b01d,ca1d5f4bb6fd3530408902fc768f9abcdfbc48c0450187ac4e8db6d7542bd10c
anomaly_consistent_sam2__pcb4__fold0__k4__seed4881,anomaly_consistent_sam2,pcb4,4,4881,binary_model_output,,,,,,0.22600040492500517,0.14686366442214488,0.33193449929176255,0.21951278141038433,ff4c07208278376b27a4954d560c715f51453c5e,False,data/manifests/visa_pcb_folds.csv,6fd011da63133ce0135df8ae336b42bd81d65db1586e77b2db3fb61a9914842e,3d5701519fc1187bb805fbd1ce6ea8bd10866cc860985cf446b58785015e725b,836d69e072bcdf0257f07f8ae1ed525cb4eff02885fadb670072a72901b2dcb1
anomaly_consistent_sam2__pcb4__fold0__k4__seed4882,anomaly_consistent_sam2,pcb4,4,4882,binary_model_output,,,,,,0.259711255343133,0.1693317992433993,0.3756291700163288,0.254888277857137,ff4c07208278376b27a4954d560c715f51453c5e,False,data/manifests/visa_pcb_folds.csv,6fd011da63133ce0135df8ae336b42bd81d65db1586e77b2db3fb61a9914842e,d42bbfde21fcf301553ecf0757d83f50478800cf4816197f422f86c5bd903000,f9ccfff695c017fb703b949c55c31c78fe41da532594eeeb4586f4acfc2ef6a0
anomaly_consistent_sam2__pcb4__fold0__k4__seed4883,anomaly_consistent_sam2,pcb4,4,4883,binary_model_output,,,,,,0.2266121448102476,0.1484796212378071,0.3237237740488462,0.22965583150495572,ff4c07208278376b27a4954d560c715f51453c5e,False,data/manifests/visa_pcb_folds.csv,6fd011da63133ce0135df8ae336b42bd81d65db1586e77b2db3fb61a9914842e,f731d7458f8a75c34c487375a342e86ccb428006b11a0d458caae25bc0318f84,3c620cbba4a0f68cad649cf86a9264442ed77ac3c4d1d72b93d1e263c0f06508
anomaly_consistent_sam2__pcb4__fold0__k4__seed4884,anomaly_consistent_sam2,pcb4,4,4884,binary_model_output,,,,,,0.2570508611834012,0.16858140348786754,0.34384698037561323,0.26487353707015066,ff4c07208278376b27a4954d560c715f51453c5e,False,data/manifests/visa_pcb_folds.csv,6fd011da63133ce0135df8ae336b42bd81d65db1586e77b2db3fb61a9914842e,952e0adb9185805659c87ef5a58dd8769dcfc2c78c55763cda72ef435753b850,5726cbf69b8bf56fc8cd0d44822d589d840cf9d6c49490f625b92c408e9d8764
